gas_id,target_batch,model,budget,frozen_nrmse,light_nrmse,slope,d_ref,n_reference,n_test,ratio,delta_nrmse,window_set
CO,4,pls,0,0.0583823520264781,0.0583823520264781,1.0636602719077428,,0,201,1.0,0.0,fit
CO,4,random_forest,0,0.0546879344259304,0.0546879344259304,0.9785386813526183,,0,201,1.0,0.0,fit
CO,4,xgboost,0,0.0568490606368537,0.0568490606368537,0.9819488077610165,,0,201,1.0,0.0,fit
CO,5,pls,0,0.0822174721446088,0.0822174721446088,1.0594402856969685,,0,139,1.0,0.0,fit
CO,5,random_forest,0,0.0733907988273597,0.0733907988273597,1.0031630389928576,,0,139,1.0,0.0,fit
CO,5,xgboost,0,0.0690107902755066,0.0690107902755066,1.0463120503780372,,0,139,1.0,0.0,fit
CO,6,pls,0,0.0615553715562399,0.0615553715562399,0.9442126041790848,,0,134,1.0,0.0,fit
CO,6,random_forest,0,0.0476180777189675,0.0476180777189675,0.937073372042864,,0,134,1.0,0.0,fit
CO,6,xgboost,0,0.0528854217363982,0.0528854217363982,0.9525820136634268,,0,134,1.0,0.0,fit
CO,7,pls,0,0.0857710136267991,0.0857710136267991,1.0484107961264508,,0,139,1.0,0.0,fit
CO,7,random_forest,0,0.0593806397269783,0.0593806397269783,1.0082230641511254,,0,139,1.0,0.0,fit
CO,7,xgboost,0,0.0697857724722782,0.0697857724722782,1.050828917807343,,0,139,1.0,0.0,fit
CO,8,pls,0,0.0588818442499116,0.0588818442499116,1.0694354913299875,,0,141,1.0,0.0,fit
CO,8,random_forest,0,0.048617904578622,0.048617904578622,1.0003238236420362,,0,141,1.0,0.0,fit
CO,8,xgboost,0,0.0533142158383381,0.0533142158383381,1.033415894528114,,0,141,1.0,0.0,fit
CO,9,pls,0,0.1327562316483089,0.1327562316483089,1.0397533667803762,,0,202,1.0,0.0,fit
CO,9,random_forest,0,0.0912422264134439,0.0912422264134439,1.0565410866970273,,0,202,1.0,0.0,fit
CO,9,xgboost,0,0.0963448326513352,0.0963448326513352,1.1372295370747472,,0,202,1.0,0.0,fit
CO,10,pls,0,0.1756550953007581,0.1756550953007581,1.142803017310638,,0,146,1.0,0.0,held
CO,10,random_forest,0,0.1300943282644379,0.1300943282644379,1.199236567731019,,0,146,1.0,0.0,held
CO,10,xgboost,0,0.1293286642113204,0.1293286642113204,1.2138935282470886,,0,146,1.0,0.0,held
CO,11,pls,0,0.1442547854127872,0.1442547854127872,0.9943265315383828,,0,189,1.0,0.0,held
CO,11,random_forest,0,0.099977689158321,0.099977689158321,1.0435401938148463,,0,189,1.0,0.0,held
CO,11,xgboost,0,0.1093478810070328,0.1093478810070328,1.1323632207685117,,0,189,1.0,0.0,held
CO,12,pls,0,0.1644128654450597,0.1644128654450597,0.929205801104628,,0,189,1.0,0.0,held
CO,12,random_forest,0,0.0943580757821741,0.0943580757821741,1.0553053450529837,,0,189,1.0,0.0,held
CO,12,xgboost,0,0.0928600412502785,0.0928600412502785,1.177172998275753,,0,189,1.0,0.0,held
CO,13,pls,0,0.1174648205383987,0.1174648205383987,1.0084235970652695,,0,209,1.0,0.0,held
CO,13,random_forest,0,0.0786730254450533,0.0786730254450533,1.079230694142015,,0,209,1.0,0.0,held
CO,13,xgboost,0,0.0867562096347296,0.0867562096347296,1.179379059251144,,0,209,1.0,0.0,held
NO2,4,pls,0,0.1409191149857765,0.1409191149857765,1.42041040278609,,0,191,1.0,0.0,fit
NO2,4,random_forest,0,0.1131850482044795,0.1131850482044795,1.2120727374270994,,0,191,1.0,0.0,fit
NO2,4,xgboost,0,0.112484996891412,0.112484996891412,1.2233211630735654,,0,191,1.0,0.0,fit
NO2,5,pls,0,0.1359637437079492,0.1359637437079492,1.4175017466355448,,0,195,1.0,0.0,fit
NO2,5,random_forest,0,0.1221020467552883,0.1221020467552883,1.2991420950566488,,0,195,1.0,0.0,fit
NO2,5,xgboost,0,0.1254668536207586,0.1254668536207586,1.3027852929196873,,0,195,1.0,0.0,fit
NO2,6,pls,0,0.1456270991908023,0.1456270991908023,1.0716961129749178,,0,107,1.0,0.0,fit
NO2,6,random_forest,0,0.1291608251874875,0.1291608251874875,0.9573440034536856,,0,107,1.0,0.0,fit
NO2,6,xgboost,0,0.1378199612598547,0.1378199612598547,0.9331396528037847,,0,107,1.0,0.0,fit
NO2,7,pls,0,0.1175726576344987,0.1175726576344987,1.3430630022615084,,0,123,1.0,0.0,fit
NO2,7,random_forest,0,0.1318241008732545,0.1318241008732545,1.3488117477722088,,0,123,1.0,0.0,fit
NO2,7,xgboost,0,0.1333209424912854,0.1333209424912854,1.387927561031575,,0,123,1.0,0.0,fit
NO2,8,pls,0,0.2407391078243416,0.2407391078243416,0.8975832258561104,,0,144,1.0,0.0,fit
NO2,8,random_forest,0,0.1954197837583011,0.1954197837583011,0.9602638237006592,,0,144,1.0,0.0,fit
NO2,8,xgboost,0,0.1924323096621681,0.1924323096621681,1.047322478146144,,0,144,1.0,0.0,fit
NO2,9,pls,0,0.1326317536492991,0.1326317536492991,1.0374073924367675,,0,176,1.0,0.0,fit
NO2,9,random_forest,0,0.1718266167249796,0.1718266167249796,1.1368816970042448,,0,176,1.0,0.0,fit
NO2,9,xgboost,0,0.172052570540527,0.172052570540527,1.2306251526966256,,0,176,1.0,0.0,fit
NO2,10,pls,0,0.0937224626065149,0.0937224626065149,1.0570101940647747,,0,138,1.0,0.0,held
NO2,10,random_forest,0,0.1856688312052988,0.1856688312052988,1.2798866566885558,,0,138,1.0,0.0,held
NO2,10,xgboost,0,0.1992833634394797,0.1992833634394797,1.389301518824225,,0,138,1.0,0.0,held
NO2,11,pls,0,0.12472404831591,0.12472404831591,1.060611957846712,,0,182,1.0,0.0,held
NO2,11,random_forest,0,0.257063968293055,0.257063968293055,1.121375578546132,,0,182,1.0,0.0,held
NO2,11,xgboost,0,0.2591877447290878,0.2591877447290878,1.4281443150378164,,0,182,1.0,0.0,held
NO2,12,pls,0,0.1783628379858273,0.1783628379858273,1.5994404838520742,,0,144,1.0,0.0,held
NO2,12,random_forest,0,0.3532057076496466,0.3532057076496466,1.66777865579046,,0,144,1.0,0.0,held
NO2,12,xgboost,0,0.3475386021906975,0.3475386021906975,1.89124258966524,,0,144,1.0,0.0,held
NO2,13,pls,0,0.1441185089478762,0.1441185089478762,1.2873231822595703,,0,194,1.0,0.0,held
NO2,13,random_forest,0,0.2511566141493447,0.2511566141493447,1.4029287050923862,,0,194,1.0,0.0,held
NO2,13,xgboost,0,0.2589187062140269,0.2589187062140269,1.570843965272461,,0,194,1.0,0.0,held
NOx,4,pls,0,0.0957299318508368,0.0957299318508368,1.1721565546680848,,0,197,1.0,0.0,fit
NOx,4,random_forest,0,0.0902620850209509,0.0902620850209509,0.975135551882858,,0,197,1.0,0.0,fit
NOx,4,xgboost,0,0.090485713534672,0.090485713534672,0.9631082699978136,,0,197,1.0,0.0,fit
NOx,5,pls,0,0.099780434341423,0.099780434341423,1.1717441972139526,,0,198,1.0,0.0,fit
NOx,5,random_forest,0,0.0919113527270852,0.0919113527270852,1.0086625176047277,,0,198,1.0,0.0,fit
NOx,5,xgboost,0,0.0963315106573193,0.0963315106573193,0.9613667750299592,,0,198,1.0,0.0,fit
NOx,6,pls,0,0.1016509067851692,0.1016509067851692,1.240695538034672,,0,107,1.0,0.0,fit
NOx,6,random_forest,0,0.0976632736567326,0.0976632736567326,1.1366259719873515,,0,107,1.0,0.0,fit
NOx,6,xgboost,0,0.0989270602247858,0.0989270602247858,1.0668681559156434,,0,107,1.0,0.0,fit
NOx,7,pls,0,0.321197698232573,0.321197698232573,1.826003173447968,,0,107,1.0,0.0,fit
NOx,7,random_forest,0,0.2928973370025678,0.2928973370025678,1.767385823524233,,0,107,1.0,0.0,fit
NOx,7,xgboost,0,0.2960575982009445,0.2960575982009445,1.7391467440424468,,0,107,1.0,0.0,fit
NOx,8,pls,0,0.3499082047556124,0.3499082047556124,1.772068594564202,,0,105,1.0,0.0,fit
NOx,8,random_forest,0,0.3212485860048769,0.3212485860048769,1.6146453207182512,,0,105,1.0,0.0,fit
NOx,8,xgboost,0,0.331020801748334,0.331020801748334,1.5656697529479917,,0,105,1.0,0.0,fit
NOx,9,pls,0,0.4198521114588329,0.4198521114588329,2.1081861930504604,,0,125,1.0,0.0,fit
NOx,9,random_forest,0,0.3948734600821519,0.3948734600821519,2.2528220652235644,,0,125,1.0,0.0,fit
NOx,9,xgboost,0,0.3949161559939855,0.3949161559939855,2.275774457469909,,0,125,1.0,0.0,fit
NOx,10,pls,0,0.4585298388959065,0.4585298388959065,1.9284994508483544,,0,110,1.0,0.0,held
NOx,10,random_forest,0,0.4230235481031335,0.4230235481031335,2.206353351975146,,0,110,1.0,0.0,held
NOx,10,xgboost,0,0.4262639961364408,0.4262639961364408,2.0319820768553885,,0,110,1.0,0.0,held
NOx,11,pls,0,0.3946415121166926,0.3946415121166926,2.0058152085118874,,0,142,1.0,0.0,held
NOx,11,random_forest,0,0.3584895278671328,0.3584895278671328,2.23002585658095,,0,142,1.0,0.0,held
NOx,11,xgboost,0,0.3562231676292494,0.3562231676292494,2.046518846059445,,0,142,1.0,0.0,held
NOx,12,pls,0,0.4148734594331006,0.4148734594331006,1.8010489704691843,,0,159,1.0,0.0,held
NOx,12,random_forest,0,0.3796635416854557,0.3796635416854557,2.021589889726621,,0,159,1.0,0.0,held
NOx,12,xgboost,0,0.3870422533581194,0.3870422533581194,1.8998062463342675,,0,159,1.0,0.0,held
NOx,13,pls,0,0.35562241604763,0.35562241604763,1.9065977675715475,,0,174,1.0,0.0,held
NOx,13,random_forest,0,0.3219926180879939,0.3219926180879939,2.0536338469567896,,0,174,1.0,0.0,held
NOx,13,xgboost,0,0.3319397410356828,0.3319397410356828,1.985880731552383,,0,174,1.0,0.0,held
CO,4,pls,2,0.0583823520264781,0.0886586612474921,0.8277035589377937,1.0477954731930286,2,201,1.5185866648072486,-0.030276309221013993,fit
CO,4,random_forest,2,0.0546879344259304,0.0614334445950665,0.8811041869379374,-0.3852291291973809,2,201,1.1233454918337105,-0.006745510169136097,fit
CO,4,xgboost,2,0.0568490606368537,0.0802526019633481,0.8553991516777237,0.0614173980451374,2,201,1.411678593530225,-0.0234035413264944,fit
CO,5,pls,2,0.0822174721446088,0.146945680971035,0.7591427155416426,1.3150810014690797,2,139,1.7872804543610696,-0.0647282088264262,fit
CO,5,random_forest,2,0.0733907988273597,0.110407526255581,0.8110868218209902,0.2175169369493922,2,139,1.5043783147162266,-0.037016727428221305,fit
CO,5,xgboost,2,0.0690107902755066,0.1105143403353812,0.7860000154458996,0.549722025743645,2,139,1.6014066770454747,-0.04150355005987459,fit
CO,6,pls,2,0.0615553715562399,0.0641607720107493,1.0533360733277597,0.1505389185491824,2,134,1.0423261266830137,-0.002605400454509396,fit
CO,6,random_forest,2,0.0476180777189675,0.0479327659617025,1.0642029928500123,-0.0548814054348762,2,134,1.0066085877004995,-0.00031468824273499924,fit
CO,6,xgboost,2,0.0528854217363982,0.0537574367061921,1.1061849409083355,0.0434922284013214,2,134,1.0164887589275615,-0.0008720149697938953,fit
CO,7,pls,2,0.0857710136267991,0.1036713904648132,0.7446058538067059,1.5701682947036606,2,139,1.2086996070245943,-0.017900376838014098,fit
CO,7,random_forest,2,0.0593806397269783,0.1008559679859863,0.7497513331596558,0.8726466396937559,2,139,1.6984655007036675,-0.041475328259007994,fit
CO,7,xgboost,2,0.0697857724722782,0.1229432583373671,0.7171968795741224,1.5403372819007235,2,139,1.7617238296847006,-0.05315748586508891,fit
CO,8,pls,2,0.0588818442499116,0.066529840959504,0.9122157073785208,0.7203652205465273,2,141,1.1298871801150128,-0.007647996709592396,fit
CO,8,random_forest,2,0.048617904578622,0.0585148171592919,0.8811582633811885,-0.1956675513626724,2,141,1.2035651817256994,-0.009896912580669902,fit
CO,8,xgboost,2,0.0533142158383381,0.0625219353005695,0.8656613914848857,0.2028412482632474,2,141,1.172706647138007,-0.009207719462231402,fit
CO,9,pls,2,0.1327562316483089,0.0913309179589233,1.003929751639572,1.0968425740950896,2,202,0.6879595543271562,0.04142531368938561,fit
CO,9,random_forest,2,0.0912422264134439,0.079301030858402,1.0156001195875193,-0.1805308772827212,2,202,0.8691264338406975,0.011941195555041903,fit
CO,9,xgboost,2,0.0963448326513352,0.080065899067282,1.0456753958976035,0.4884659816889686,2,202,0.8310346996712792,0.016278933584053204,fit
CO,10,pls,2,0.1756550953007581,0.1154789030605435,0.979528029857304,1.4604239267282275,2,146,0.6574184646498273,0.0601761922402146,held
CO,10,random_forest,2,0.1300943282644379,0.0955535458038026,1.0161336186091623,0.6835465166325941,2,146,0.7344943248377013,0.0345407824606353,held
CO,10,xgboost,2,0.1293286642113204,0.097638432172457,1.0157085478068222,0.771379477460762,2,146,0.7549635865171994,0.03169023203886338,held
CO,11,pls,2,0.1442547854127872,0.1401758249765836,0.8680282002844494,2.768239524596847,2,189,0.9717239159551513,0.004078960436203594,held
CO,11,random_forest,2,0.099977689158321,0.114318393795712,0.8671417648988374,0.787908438356173,2,189,1.1434390488330008,-0.014340704637390997,held
CO,11,xgboost,2,0.1093478810070328,0.1383453481259518,0.8109412152441001,1.837113547841412,2,189,1.2651854508004048,-0.028997467118919013,held
CO,12,pls,2,0.1644128654450597,0.0996430190953599,0.7862759364381661,2.4649676102263776,2,189,0.6060536614676099,0.0647698463496998,held
CO,12,random_forest,2,0.0943580757821741,0.0794957092802814,0.8702047875306907,0.7127755473989141,2,189,0.8424897246081775,0.014862366501892696,held
CO,12,xgboost,2,0.0928600412502785,0.0796756218903426,0.8672678866495495,1.596548537677726,2,189,0.8580183770928881,0.013184419359935903,held
CO,13,pls,2,0.1174648205383987,0.1458888095113074,0.8641708233957299,3.037969634790844,2,209,1.2419787374860631,-0.028423988972908695,held
CO,13,random_forest,2,0.0786730254450533,0.1409128405060893,0.7352259103842468,1.8991378628325133,2,209,1.7911201419920662,-0.062239815061036,held
CO,13,xgboost,2,0.0867562096347296,0.1813289789133745,0.6820513552438001,3.007858767146072,2,209,2.0900979846494607,-0.09457276927864489,held
NO2,4,pls,2,0.1409191149857765,0.1187064659084692,0.7754086732381403,1.2637006957247603,2,191,0.8423730586191284,0.0222126490773073,fit
NO2,4,random_forest,2,0.1131850482044795,0.1010533840186724,0.8316012686748881,0.807921694661024,2,191,0.8928156644516323,0.012131664185807106,fit
NO2,4,xgboost,2,0.112484996891412,0.1052985075480936,0.7885837924983248,0.9406342701600744,2,191,0.9361115745039676,0.007186489343318406,fit
NO2,5,pls,2,0.1359637437079492,0.1157278296649504,0.9561770846832433,0.8919596256961975,2,195,0.8511668368998014,0.020235914042998793,fit
NO2,5,random_forest,2,0.1221020467552883,0.1536311838797125,0.9168143813274784,1.535486927247096,2,195,1.2582195627532236,-0.031529137124424206,fit
NO2,5,xgboost,2,0.1254668536207586,0.1404416944078304,0.96712686160329,1.2155748128896364,2,195,1.1193529633917128,-0.014974840787071786,fit
NO2,6,pls,2,0.1456270991908023,6.484621003098034,-0.0502711412791405,5.151977671175954,2,107,44.52894440066961,-6.338993903907231,fit
NO2,6,random_forest,2,0.1291608251874875,3.0700230502864208,-0.1016257480589296,5.6559570454593,2,107,23.768995326795345,-2.9408622250989334,fit
NO2,6,xgboost,2,0.1378199612598547,2.732002576013303,-0.119947059165562,5.937230160695642,2,107,19.822981744003016,-2.594182614753448,fit
NO2,7,pls,2,0.1175726576344987,0.1051264092552325,0.9531526037046874,0.2873908623165548,2,123,0.8941399418055328,0.012446248379266195,fit
NO2,7,random_forest,2,0.1318241008732545,0.1198045788095217,1.155868442290106,0.071554527167595,2,123,0.9088215130305402,0.012019522063732802,fit
NO2,7,xgboost,2,0.1333209424912854,0.1254938186312128,1.0238704189419885,0.6495060321938351,2,123,0.9412911151555637,0.007827123860072588,fit
NO2,8,pls,2,0.2407391078243416,0.2100554884404913,0.5963110734406012,0.7307458068082003,2,144,0.8725441011178001,0.030683619383850308,fit
NO2,8,random_forest,2,0.1954197837583011,0.2298873759949344,0.6739267481290333,0.304207604870185,2,144,1.1763771895237765,-0.03446759223663329,fit
NO2,8,xgboost,2,0.1924323096621681,0.2511949123471471,0.6150809531685177,0.7637133885392341,2,144,1.3053676525950446,-0.05876260268497899,fit
NO2,9,pls,2,0.1326317536492991,0.3102090496245264,0.6786493070294961,1.4869544379911472,2,176,2.338874674346626,-0.17757729597522728,fit
NO2,9,random_forest,2,0.1718266167249796,0.2245147070305058,0.6144046202364734,2.3561189581344038,2,176,1.306635207686462,-0.05268809030552621,fit
NO2,9,xgboost,2,0.172052570540527,0.2389343935995061,0.6113426381996465,2.477500748695727,2,176,1.388728996311189,-0.0668818230589791,fit
NO2,10,pls,2,0.0937224626065149,0.1351097530766782,0.6782383436900791,0.4969519037283184,2,138,1.4415941420993599,-0.04138729047016329,held
NO2,10,random_forest,2,0.1856688312052988,0.2237133681192048,0.4996636876389689,2.4246182581653466,2,138,1.2049053503861356,-0.038044536913905996,held
NO2,10,xgboost,2,0.1992833634394797,0.182294233172794,0.5779140199808447,2.520189525765987,2,138,0.9147488783134418,0.016989130266685692,held
NO2,11,pls,2,0.12472404831591,0.1684231297713966,0.8797058756190379,0.3753845148359553,2,182,1.3503661246209908,-0.043699081455486594,held
NO2,11,random_forest,2,0.257063968293055,0.1400433740329466,0.8751788349856279,1.4400249059935584,2,182,0.5447802543579192,0.11702059426010841,held
NO2,11,xgboost,2,0.2591877447290878,0.1291192563944747,0.8925753277138869,1.940037036631316,2,182,0.4981688332889146,0.1300684883346131,held
NO2,12,pls,2,0.1783628379858273,0.1512427429038121,0.7095217902139913,1.4885694750588545,2,144,0.8479498566614523,0.02712009508201521,held
NO2,12,random_forest,2,0.3532057076496466,0.2389322768214699,0.5137012882530164,3.491017024115252,2,144,0.6764677683478226,0.1142734308281767,held
NO2,12,xgboost,2,0.3475386021906975,0.3463861363871774,0.3899199117147687,3.9753533087236144,2,144,0.9966839200127539,0.0011524658035200752,held
NO2,13,pls,2,0.1441185089478762,0.1463868892496823,1.073512663204544,-0.3108898551833451,2,194,1.0157396875555138,-0.0022683803018060944,held
NO2,13,random_forest,2,0.2511566141493447,0.1496272314649639,1.0161295700258726,1.3386208624033886,2,194,0.5957527018420123,0.1015293826843808,held
NO2,13,xgboost,2,0.2589187062140269,0.1460071759695413,1.0532628513189553,1.8225743178035183,2,194,0.5639112681524413,0.11291153024448561,held
NOx,4,pls,2,0.0957299318508368,0.1739839180094591,0.7558873536649205,2.233685125009024,2,197,1.817445334449366,-0.0782539861586223,fit
NOx,4,random_forest,2,0.0902620850209509,0.1999680437266542,0.6581531770305472,2.194808353571501,2,197,2.2154157382940936,-0.1097059587057033,fit
NOx,4,xgboost,2,0.090485713534672,0.18959510577009,0.6825229645080967,1.96546748581562,2,197,2.0953043122928086,-0.09910939223541801,fit
NOx,5,pls,2,0.099780434341423,0.2312893345699436,0.6321964168838261,2.864034626785851,2,198,2.317982839987757,-0.1315089002285206,fit
NOx,5,random_forest,2,0.0919113527270852,0.1803792666042074,0.6644805872680339,1.8630425016818035,2,198,1.9625352173829091,-0.08846791387712219,fit
NOx,5,xgboost,2,0.0963315106573193,0.1645702170372396,0.6881041882592485,1.3938709067777555,2,198,1.7083736766328337,-0.06823870637992029,fit
NOx,6,pls,2,0.1016509067851692,0.1095836298538847,0.7570575452577697,2.13155679511197,2,107,1.0780388814974435,-0.007932723068715494,fit
NOx,6,random_forest,2,0.0976632736567326,0.0987275404085647,0.8524262064281293,1.0668185926193874,2,107,1.0108973077799215,-0.0010642667518321047,fit
NOx,6,xgboost,2,0.0989270602247858,0.1139917663626291,0.7594929397697823,1.5096015221456938,2,107,1.1522809441988138,-0.015064706137843303,fit
NOx,7,pls,2,0.321197698232573,0.1506651761653427,1.0509216909176935,3.197326087229401,2,107,0.46907302572339415,0.1705325220672303,fit
NOx,7,random_forest,2,0.2928973370025678,0.1660446119679955,1.0948372029125883,2.7765793495111484,2,107,0.5669037952589504,0.12685272503457232,fit
NOx,7,xgboost,2,0.2960575982009445,0.1429544474876937,0.8871114619379289,3.546954066882797,2,107,0.4828602554245731,0.1531031507132508,fit
NOx,8,pls,2,0.3499082047556124,0.2448335154194047,0.6542237213215896,5.134168689860228,2,105,0.6997078436340315,0.1050746893362077,fit
NOx,8,random_forest,2,0.3212485860048769,0.1777725566655729,0.7379102267995618,4.811904014804951,2,105,0.553380044022588,0.14347602933930398,fit
NOx,8,xgboost,2,0.331020801748334,0.1845022823788004,0.6892514229475261,4.671048879003823,2,105,0.5573736798543326,0.14651851936953358,fit
NOx,9,pls,2,0.4198521114588329,0.3426269236242018,0.4995302550435159,7.526533676039738,2,125,0.8160657390377251,0.07722518783463111,fit
NOx,9,random_forest,2,0.3948734600821519,0.3592890096259853,0.5573717621975988,8.053556350780426,2,125,0.9098839145868062,0.035584450456166594,fit
NOx,9,xgboost,2,0.3949161559939855,0.4489049744499884,0.5048371051806205,8.12232028972341,2,125,1.1367095714788258,-0.053988818456002896,fit
NOx,10,pls,2,0.4585298388959065,0.5893398205830139,0.379411627113599,7.698827381445695,2,110,1.2852812850785995,-0.13080998168710745,held
NOx,10,random_forest,2,0.4230235481031335,0.2811329239019282,0.5704355253464902,7.254807681618105,2,110,0.6645798446978837,0.1418906242012053,held
NOx,10,xgboost,2,0.4262639961364408,0.2247635807432551,0.5828522334156055,6.701558778920791,2,110,0.5272872745070207,0.2015004153931857,held
NOx,11,pls,2,0.3946415121166926,0.1291917043181127,0.8214511878928303,4.901552878915048,2,142,0.3273647103802695,0.26544980779857996,held
NOx,11,random_forest,2,0.3584895278671328,0.1881782468521715,0.8658732035512057,4.654233113412485,2,142,0.5249197876762418,0.1703112810149613,held
NOx,11,xgboost,2,0.3562231676292494,0.2031181574553235,0.9249311666005696,3.897950359983015,2,142,0.5701991782486343,0.1531050101739259,held
NOx,12,pls,2,0.4148734594331006,0.2259776588102116,0.582780522121305,6.43871436788158,2,159,0.5446905644892213,0.18889580062288902,held
NOx,12,random_forest,2,0.3796635416854557,0.4195450396843639,0.3592013874592341,7.230381765832005,2,159,1.105044318508595,-0.03988149799890822,held
NOx,12,xgboost,2,0.3870422533581194,0.3177701711387805,0.4006870758487946,6.662018849026231,2,159,0.8210219126766931,0.06927208221933895,held
NOx,13,pls,2,0.35562241604763,0.1649244092435422,0.646665020219687,6.154142628026515,2,174,0.46376269267979214,0.1906980068040878,held
NOx,13,random_forest,2,0.3219926180879939,0.1159043295546888,0.81356497702139,5.926485517064797,2,174,0.35995958616360124,0.2060882885333051,held
NOx,13,xgboost,2,0.3319397410356828,0.134828911575529,0.7858334485462392,5.855302403145336,2,174,0.40618490318408484,0.1971108294601538,held
CO,4,pls,3,0.0583823520264781,0.0915485739136077,0.8517434866475007,0.6961432675019207,3,201,1.568086429133375,-0.033166221887129595,fit
CO,4,random_forest,3,0.0546879344259304,0.0634569685196543,0.920000241827852,-0.4385969236636247,3,201,1.160346778238639,-0.008769034093723892,fit
CO,4,xgboost,3,0.0568490606368537,0.0829944745918323,0.8753769597831499,-0.1017142617464264,3,201,1.4599093399624135,-0.026145413954978602,fit
CO,5,pls,3,0.0822174721446088,0.1466851305979719,0.7580224536713279,0.9044492070681104,3,139,1.7841114153932351,-0.0644676584533631,fit
CO,5,random_forest,3,0.0733907988273597,0.1063241554074674,0.7936245236849956,0.0230068744765244,3,139,1.4487395846116655,-0.032933356580107695,fit
CO,5,xgboost,3,0.0690107902755066,0.1095452526788791,0.7808006882835251,0.2773971295164224,3,139,1.5873641243861982,-0.040534462403372495,fit
CO,6,pls,3,0.0615553715562399,0.0699109109905034,1.0763310846306149,0.552836603401038,3,134,1.135740216052948,-0.008355539434263495,fit
CO,6,random_forest,3,0.0476180777189675,0.0481668521670543,1.0609435215048366,-0.2283072655646464,3,134,1.0115244981396678,-0.0005487744480867987,fit
CO,6,xgboost,3,0.0528854217363982,0.0533789215948257,1.101908825143309,-0.1362956158296344,3,134,1.0093314914058413,-0.0004934998584274972,fit
CO,7,pls,3,0.0857710136267991,0.0918742887986415,0.8230950256875804,1.2372196499572057,3,139,1.0711577829591539,-0.006103275171842393,fit
CO,7,random_forest,3,0.0593806397269783,0.1025132352706065,0.7957660757198276,0.5540908302762679,3,139,1.7263747198067292,-0.0431325955436282,fit
CO,7,xgboost,3,0.0697857724722782,0.1285712985345348,0.7763184818817279,1.1214488118557948,3,139,1.8423712166489044,-0.05878552606225661,fit
CO,8,pls,3,0.0588818442499116,0.0658165274039573,0.9101446311493891,0.4370830396868597,3,141,1.1177728592299672,-0.006934683154045697,fit
CO,8,random_forest,3,0.048617904578622,0.058710107604296,0.8824471108734754,-0.3350107055801777,3,141,1.2075820238067538,-0.010092203025673999,fit
CO,8,xgboost,3,0.0533142158383381,0.0632216379083062,0.8764767838487425,-0.016894195728698,3,141,1.185830775416633,-0.009907422069968107,fit
CO,9,pls,3,0.1327562316483089,0.0906160454796473,1.0157107441621342,1.13397350702384,3,202,0.682574703684741,0.04214018616866161,fit
CO,9,random_forest,3,0.0912422264134439,0.0791027683725122,1.019691698407876,-0.2253240495063173,3,202,0.8669535091578713,0.012139458040931694,fit
CO,9,xgboost,3,0.0963448326513352,0.0800437011251934,1.0452430045237515,0.3269799540148276,3,202,0.8308042987096736,0.016301131526141793,fit
CO,10,pls,3,0.1756550953007581,0.1028768534412389,1.0497498623648391,1.655982183090952,3,146,0.585675315965599,0.0727782418595192,held
CO,10,random_forest,3,0.1300943282644379,0.0932986353222623,1.034908481206156,0.4967698550298949,3,146,0.7171614363742103,0.03679569294217559,held
CO,10,xgboost,3,0.1293286642113204,0.0954451886021756,1.037353900598748,0.5643356476474488,3,146,0.7380049054416902,0.033883475609144786,held
CO,11,pls,3,0.1442547854127872,0.1304513657434395,0.8398659069692201,2.2516746847502267,3,189,0.9043122234742577,0.0138034196693477,held
CO,11,random_forest,3,0.099977689158321,0.1116783623597629,0.8537719256908715,0.4618329382269323,3,189,1.117032843026739,-0.0117006732014419,held
CO,11,xgboost,3,0.1093478810070328,0.1416530516404555,0.8245599264178788,1.362469346852664,3,189,1.2954348116845993,-0.0323051706334227,held
CO,12,pls,3,0.1644128654450597,0.0985859920709363,0.7740396050181362,2.045934514561378,3,189,0.59962455981816,0.0658268733741234,held
CO,12,random_forest,3,0.0943580757821741,0.0805343426016217,0.8603202381082767,0.4023114733967335,3,189,0.8534970847385175,0.013823733180552397,held
CO,12,xgboost,3,0.0928600412502785,0.076712118364639,0.8496428975895166,1.1207035251658566,3,189,0.8261047198749648,0.0161479228856395,held
CO,13,pls,3,0.1174648205383987,0.1443830213188121,0.8591760390843296,2.676530088684409,3,209,1.2291596808051475,-0.02691820078041339,held
CO,13,random_forest,3,0.0786730254450533,0.1402390659291963,0.7317057962156399,1.3697080432676785,3,209,1.7825559031938065,-0.061566040484143006,held
CO,13,xgboost,3,0.0867562096347296,0.1780750815181326,0.6674207280573443,2.272404562385529,3,209,2.052591765683213,-0.09131887188340299,held
NO2,4,pls,3,0.1409191149857765,0.117859290396445,0.7777169383453091,0.8872883306743107,3,191,0.8363612729780554,0.023059824589331507,fit
NO2,4,random_forest,3,0.1131850482044795,0.1027885702839641,0.8104799850102147,0.5212894732855139,3,191,0.9081461899302001,0.010396477920515401,fit
NO2,4,xgboost,3,0.112484996891412,0.1070133298922509,0.7742937568928366,0.625569203105054,3,191,0.9513564728597255,0.005471666999161101,fit
NO2,5,pls,3,0.1359637437079492,0.1130622810781317,0.9179293836027967,0.5927609138307712,3,195,0.8315619884738541,0.0229014626298175,fit
NO2,5,random_forest,3,0.1221020467552883,0.1274032117024003,0.8682834239182328,1.1107889613487565,3,195,1.0434158565559213,-0.005301164947111997,fit
NO2,5,xgboost,3,0.1254668536207586,0.1306317296528386,0.9284267686684828,0.8096779289466497,3,195,1.041165263039843,-0.00516487603207999,fit
NO2,6,pls,3,0.1456270991908023,0.1804893232221111,1.9292163856965048,4.210765383447698,3,107,1.2393937956947965,-0.034862224031308786,fit
NO2,6,random_forest,3,0.1291608251874875,0.1693359702630478,2.378066431947956,4.568537424328284,3,107,1.3110474481503411,-0.0401751450755603,fit
NO2,6,xgboost,3,0.1378199612598547,0.177015584051724,2.6632024667362746,4.825225227429884,3,107,1.2843972849329663,-0.03919562279186928,fit
NO2,7,pls,3,0.1175726576344987,0.104943091317873,0.9493907901380336,0.2027894931637826,3,123,0.8925807532914023,0.012629566316625707,fit
NO2,7,random_forest,3,0.1318241008732545,0.1166177454504776,1.1274710205890317,-0.1152703175137679,3,123,0.8846466213534244,0.015206355422776902,fit
NO2,7,xgboost,3,0.1333209424912854,0.119394402198722,0.994323225420412,0.3653374611735197,3,123,0.8955412403158362,0.013926540292563405,fit
NO2,8,pls,3,0.2407391078243416,0.213180553962353,0.6983777891907552,0.469365962537591,3,144,0.8855252305657914,0.027558553861988605,fit
NO2,8,random_forest,3,0.1954197837583011,0.2415880082416459,0.745786485140368,0.0658950221016077,3,144,1.2362515380758303,-0.04616822448334479,fit
NO2,8,xgboost,3,0.1924323096621681,0.2588593345133738,0.7350819561063443,0.4403879791825861,3,144,1.3451968381392096,-0.06642702485120569,fit
NO2,9,pls,3,0.1326317536492991,0.2371293768022522,0.6795714485019518,1.1798435376532297,3,176,1.7878778669342077,-0.1044976231529531,fit
NO2,9,random_forest,3,0.1718266167249796,0.2242505731733531,0.6647240030545719,1.910347744154569,3,176,1.3050979961520262,-0.0524239564483735,fit
NO2,9,xgboost,3,0.172052570540527,0.2396291303054448,0.6218665833781789,1.9002127766342043,3,176,1.3927669290416103,-0.0675765597649178,fit
NO2,10,pls,3,0.0937224626065149,0.1323353135991188,0.6977042453728224,0.3172810451003426,3,138,1.4119914257344728,-0.03861285099260389,held
NO2,10,random_forest,3,0.1856688312052988,0.1473868557890819,0.7053720857377132,1.923284613072877,3,138,0.7938158216018091,0.03828197541621692,held
NO2,10,xgboost,3,0.1992833634394797,0.1650297277488877,0.6593157437141227,1.928017665598756,3,138,0.828115929501589,0.034253635690592005,held
NO2,11,pls,3,0.12472404831591,0.1465462427439052,0.9333779203730642,0.1448977374378958,3,182,1.1749638078834836,-0.021822194427995212,held
NO2,11,random_forest,3,0.257063968293055,0.1415611317281693,0.8707106557419451,1.2038676487553095,3,182,0.5506844567449782,0.11550283656488569,held
NO2,11,xgboost,3,0.2591877447290878,0.1294929443004944,0.8847692918031481,1.539601961694513,3,182,0.49961059862550605,0.12969480042859338,held
NO2,12,pls,3,0.1783628379858273,0.1288143504767653,0.8006473827845259,1.0818687791857475,3,144,0.7222039743895579,0.04954848750906202,held
NO2,12,random_forest,3,0.3532057076496466,0.2118824746834176,0.549679213032297,2.932832228298356,3,144,0.5998840621612747,0.141323232966229,held
NO2,12,xgboost,3,0.3475386021906975,0.3414986101118435,0.3962007936086651,3.249348222012794,3,144,0.9826206584224569,0.006039992078853973,held
NO2,13,pls,3,0.1441185089478762,0.1490135726741911,1.0657068151185995,-0.3242621473814877,3,194,1.0339655451756395,-0.004895063726314902,held
NO2,13,random_forest,3,0.2511566141493447,0.1602471917265159,0.989715866051822,0.9327155645055382,3,194,0.6380369168029493,0.09090942242282882,held
NO2,13,xgboost,3,0.2589187062140269,0.1516096300754205,1.032624315181199,1.3128938262748755,3,194,0.5855491566920515,0.10730907613860641,held
NOx,4,pls,3,0.0957299318508368,0.1721341392861819,0.7431106289509241,1.6406425798567468,3,197,1.7981224467431525,-0.07640420743534511,fit
NOx,4,random_forest,3,0.0902620850209509,0.1954161307363351,0.6262422232371252,1.6745590506624763,3,197,2.1649857821362835,-0.1051540457153842,fit
NOx,4,xgboost,3,0.090485713534672,0.1845319804472573,0.6505700855329533,1.46577268028168,3,197,2.0393493429937863,-0.0940462669125853,fit
NOx,5,pls,3,0.099780434341423,0.2092758566125911,0.6052753208489807,2.205314516564094,3,198,2.097363656450952,-0.1094954222711681,fit
NOx,5,random_forest,3,0.0919113527270852,0.1654203195854042,0.6368497301790986,1.5176704211949774,3,198,1.799781144300978,-0.07350896685831901,fit
NOx,5,xgboost,3,0.0963315106573193,0.1481559899673573,0.6587699490378645,1.233044205955614,3,198,1.537980552328236,-0.05182447931003799,fit
NOx,6,pls,3,0.1016509067851692,0.1084360202693383,0.7282546876761822,1.6473279487136796,3,107,1.0667491682932928,-0.006785113484169089,fit
NOx,6,random_forest,3,0.0976632736567326,0.0978324454667948,0.8300617358137529,0.8064067688610596,3,107,1.0017321947517017,-0.0001691718100622075,fit
NOx,6,xgboost,3,0.0989270602247858,0.1071164393801566,0.7287279671600199,1.169243162988807,3,107,1.0827819924777162,-0.008189379155370796,fit
NOx,7,pls,3,0.321197698232573,0.1483480521878303,1.0573778215693137,2.5205575898496355,3,107,0.4618590139472742,0.1728496460447427,fit
NOx,7,random_forest,3,0.2928973370025678,0.1593011658078795,1.1123059532423385,2.1546678548170144,3,107,0.5438805536374096,0.1335961711946883,fit
NOx,7,xgboost,3,0.2960575982009445,0.1386207821399264,0.8994077324029462,2.7688610756604843,3,107,0.4682223424843151,0.15743681606101811,fit
NOx,8,pls,3,0.3499082047556124,0.1994421356224458,0.641862304615276,4.010766554054697,3,105,0.5699841641659785,0.1504660691331666,fit
NOx,8,random_forest,3,0.3212485860048769,0.1585323927133635,0.7472825309679813,3.761499503434915,3,105,0.4934882194655226,0.16271619329151338,fit
NOx,8,xgboost,3,0.331020801748334,0.1839942619541355,0.6562799259494025,3.634030707413932,3,105,0.5558389713949798,0.14702653979419847,fit
NOx,9,pls,3,0.4198521114588329,0.3403007466357158,0.5071696260447225,6.156514702260655,3,125,0.8105252715135691,0.07955136482311709,fit
NOx,9,random_forest,3,0.3948734600821519,0.3595578213113455,0.5437899210450895,6.55760471527698,3,125,0.9105646685815271,0.0353156387708064,fit
NOx,9,xgboost,3,0.3949161559939855,0.4486353934063819,0.4826874834488397,6.588762502333127,3,125,1.1360269429271326,-0.053719237412396426,fit
NOx,10,pls,3,0.4585298388959065,0.5643282252158843,0.4110550682014983,6.525137932139711,3,110,1.2307339181561874,-0.10579838631997784,held
NOx,10,random_forest,3,0.4230235481031335,0.281118377080769,0.570192375190188,6.020446773551861,3,110,0.6645454569640934,0.1419051710223645,held
NOx,10,xgboost,3,0.4262639961364408,0.2232270912340443,0.5913861153906191,5.5552232755582125,3,110,0.5236827253939426,0.20303690490239648,held
NOx,11,pls,3,0.3946415121166926,0.116863935237938,0.8637350757029807,4.167769408748265,3,142,0.29612681801042307,0.2777775768787546,held
NOx,11,random_forest,3,0.3584895278671328,0.1447141004196462,0.9335470241467804,3.828519232703103,3,142,0.4036773438840358,0.2137754274474866,held
NOx,11,xgboost,3,0.3562231676292494,0.1707395061302413,0.973032434108138,3.191611829221762,3,142,0.47930488987157593,0.18548366149900808,held
NOx,12,pls,3,0.4148734594331006,0.2206924650377698,0.5666833086868365,5.339318480542928,3,159,0.5319512733818467,0.19418099439533082,held
NOx,12,random_forest,3,0.3796635416854557,0.4207926303078335,0.3542813711932286,5.8896045892764,3,159,1.1083303612450954,-0.041129088622377796,held
NOx,12,xgboost,3,0.3870422533581194,0.3138369398622044,0.4084087212109543,5.440961193972628,3,159,0.8108596339010558,0.07320531349591503,held
NOx,13,pls,3,0.35562241604763,0.1466736702143689,0.686690302416786,5.0624187449596745,3,174,0.4124421397404945,0.20894874583326112,held
NOx,13,random_forest,3,0.3219926180879939,0.1386255586843422,0.7698624169565611,4.706723583196988,3,174,0.4305240272510183,0.1833670594036517,held
NOx,13,xgboost,3,0.3319397410356828,0.1422460211687356,0.7694016207496235,4.704709718641355,3,174,0.42852965036640334,0.1896937198669472,held
CO,4,pls,4,0.0583823520264781,0.0670874138503406,0.94068187729645,0.4740447940921074,4,201,1.1491043358430386,-0.008705061823862499,fit
CO,4,random_forest,4,0.0546879344259304,0.0545567844491909,0.973249379348706,-0.3907181775887086,4,201,0.9976018480471751,0.0001311499767395058,fit
CO,4,xgboost,4,0.0568490606368537,0.0598390248979446,0.9783211012560896,-0.0451052268981013,4,201,1.0525947874528745,-0.0029899642610908966,fit
CO,5,pls,4,0.0822174721446088,0.1319047837169606,0.7829134787745673,0.7895527191362687,4,139,1.6043400542035506,-0.0496873115723518,fit
CO,5,random_forest,4,0.0733907988273597,0.101127113757786,0.8036582033209144,-0.0640463770543749,4,139,1.3779263255557637,-0.027736314930426303,fit
CO,5,xgboost,4,0.0690107902755066,0.1036895806347197,0.7910610338897891,0.1832912582733853,4,139,1.5025125813045692,-0.03467879035921309,fit
CO,6,pls,4,0.0615553715562399,0.0667282558719032,1.0833085619038898,0.3747772244817028,4,134,1.0840362779865136,-0.005172884315663304,fit
CO,6,random_forest,4,0.0476180777189675,0.0480469261026509,1.062269359406649,-0.1780790571040862,4,134,1.0090059994906635,-0.00042884838368340006,fit
CO,6,xgboost,4,0.0528854217363982,0.0603050613115549,1.1072517225946534,0.0458829287290372,4,134,1.1402965000853942,-0.007419639575156699,fit
CO,7,pls,4,0.0857710136267991,0.0853291816069451,0.8367862406880255,1.0790220335506606,4,139,0.9948487023625898,0.00044183201985401044,fit
CO,7,random_forest,4,0.0593806397269783,0.0860835596693424,0.8237248454584502,0.3587574974024461,4,139,1.4496906746902596,-0.026702919942364102,fit
CO,7,xgboost,4,0.0697857724722782,0.1089995597998658,0.8048397714335296,0.8984634953610305,4,139,1.5619166477402673,-0.039213787327587596,fit
CO,8,pls,4,0.0588818442499116,0.0590447734839341,0.9291537193611494,0.3407739339925997,4,141,1.0027670538533233,-0.00016292923402250192,fit
CO,8,random_forest,4,0.048617904578622,0.0538215638728995,0.8998426183014067,-0.4240423911438102,4,141,1.1070317476530163,-0.005203659294277498,fit
CO,8,xgboost,4,0.0533142158383381,0.0589937811026568,0.8930160931749513,-0.1274404046681274,4,141,1.1065300347198306,-0.005679565264318703,fit
CO,9,pls,4,0.1327562316483089,0.0899577202159912,0.9597850066162742,1.8344786758085416,4,202,0.6776158007731241,0.04279851143231771,fit
CO,9,random_forest,4,0.0912422264134439,0.0793302176208087,0.9571506611012934,0.64203420108328,4,202,0.8694463160219418,0.011912008792635195,fit
CO,9,xgboost,4,0.0963448326513352,0.0859711148212374,0.9761422574035108,1.342693707962086,4,202,0.8923272006954487,0.0103737178300978,fit
CO,10,pls,4,0.1756550953007581,0.0958124330842275,1.0179624270817955,2.7646056148319427,4,146,0.5454577501448317,0.0798426622165306,held
CO,10,random_forest,4,0.1300943282644379,0.0900320810197272,1.0034923952520445,1.052030986635783,4,146,0.6920523148151574,0.04006224724471069,held
CO,10,xgboost,4,0.1293286642113204,0.0930848929910914,1.0087374774493385,1.0568489311136773,4,146,0.7197545382436843,0.03624377122022898,held
CO,11,pls,4,0.1442547854127872,0.1201306034244086,0.8741069775597037,2.148406456569357,4,189,0.8327668512393063,0.024124181988378596,held
CO,11,random_forest,4,0.099977689158321,0.1165881684548985,0.8396235044879045,0.7323075064591401,4,189,1.166141860613259,-0.016610479296577496,held
CO,11,xgboost,4,0.1093478810070328,0.1402565653197315,0.8276566722213851,1.5230439558839322,4,189,1.28266377023539,-0.030908684312698692,held
CO,12,pls,4,0.1644128654450597,0.0969373906771081,0.7799888430195263,2.0000439289501397,4,189,0.5895973555031845,0.0674754747679516,held
CO,12,random_forest,4,0.0943580757821741,0.0805346268775377,0.8603475929144385,0.3820757637323781,4,189,0.853500097473926,0.01382344890463641,held
CO,12,xgboost,4,0.0928600412502785,0.075215349991394,0.8562641921320103,1.0077958014840265,4,189,0.8099861789709082,0.0176446912588845,held
CO,13,pls,4,0.1174648205383987,0.1246468175878418,0.9116637700202876,2.4459499831091,4,209,1.061141684944688,-0.007181997049443098,held
CO,13,random_forest,4,0.0786730254450533,0.0921728124062821,0.8717549623527506,1.0532537540197653,4,209,1.1715935911306385,-0.013499786961228805,held
CO,13,xgboost,4,0.0867562096347296,0.1001438845882853,0.8674383979816295,1.8505115929330933,4,209,1.1543137374249282,-0.013387674953555695,held
NO2,4,pls,4,0.1409191149857765,0.1185068586978377,0.7475676655331484,1.438960781059524,4,191,0.8409565920833312,0.022412256287938803,fit
NO2,4,random_forest,4,0.1131850482044795,0.1090732029208004,0.7810791644644695,0.8175730386606598,4,191,0.9636714800328515,0.004111845283679097,fit
NO2,4,xgboost,4,0.112484996891412,0.1147654520191919,0.746728796718035,0.8983761025407169,4,191,1.0202734159292492,-0.0022804551277798984,fit
NO2,5,pls,4,0.1359637437079492,0.1137413386109247,1.056146752795778,0.4460860785032384,4,195,0.8365563900273418,0.0222224050970245,fit
NO2,5,random_forest,4,0.1221020467552883,0.1121824258624893,0.9480425284547268,1.05228099008803,4,195,0.9187595854746032,0.009919620892798992,fit
NO2,5,xgboost,4,0.1254668536207586,0.1118107815110573,1.099672197922129,0.6193134927988451,4,195,0.8911579296394989,0.013656072109701295,fit
NO2,6,pls,4,0.1456270991908023,0.1511921928279944,2.2241311031028665,3.512655217775189,4,107,1.0382146844104931,-0.005565093637192098,fit
NO2,6,random_forest,4,0.1291608251874875,0.1467085834956011,2.3363247633090567,3.825087690186384,4,107,1.1358597568778426,-0.017547758308113587,fit
NO2,6,xgboost,4,0.1378199612598547,0.1560804800472509,2.8144661649999763,4.050043235737979,4,107,1.1324954572651968,-0.01826051878739618,fit
NO2,7,pls,4,0.1175726576344987,0.1065778198116039,0.9359573503211024,0.1652563773182159,4,123,0.9064847385088908,0.010994837822894801,fit
NO2,7,random_forest,4,0.1318241008732545,0.1173188160780646,1.1066694737971228,0.0753536816154933,4,123,0.8899648493780636,0.014505284795189893,fit
NO2,7,xgboost,4,0.1333209424912854,0.120784638012974,0.9866406728755512,0.5017967709753292,4,123,0.9059689779861041,0.012536304478311402,fit
NO2,8,pls,4,0.2407391078243416,0.1433100409783282,0.8811981331156233,0.8044215032668648,4,144,0.5952919003209741,0.0974290668460134,fit
NO2,8,random_forest,4,0.1954197837583011,0.204159745242377,0.8171402127732654,-0.0585871562255137,4,144,1.0447240362054933,-0.008739961484075909,fit
NO2,8,xgboost,4,0.1924323096621681,0.1757983496779114,0.9405467334999948,0.4046780956057826,4,144,0.9135594224615445,0.016633959984256708,fit
NO2,9,pls,4,0.1326317536492991,0.1567094689098788,0.9094992076279924,0.8878098656926503,4,176,1.1815380902241952,-0.024077715260579696,fit
NO2,9,random_forest,4,0.1718266167249796,0.1677406251495343,0.7984681730208725,1.8501867016034288,4,176,0.9762202640468374,0.004085991575445286,fit
NO2,9,xgboost,4,0.172052570540527,0.1417439089401286,0.9309102416600902,1.6351673363520047,4,176,0.8238406929627407,0.030308661600398412,fit
NO2,10,pls,4,0.0937224626065149,0.116867640638837,0.7381041910484429,0.1635760547799777,4,138,1.2469544374809591,-0.023145178032322106,held
NO2,10,random_forest,4,0.1856688312052988,0.1547723460422074,0.6913007788067936,2.1892911921999785,4,138,0.8335935818493501,0.030896485163091403,held
NO2,10,xgboost,4,0.1992833634394797,0.1706073219497585,0.6501699784242981,2.263077286648099,4,138,0.8561041875508599,0.028676041489721193,held
NO2,11,pls,4,0.12472404831591,0.138000773642418,0.8830049501478634,0.0372427364544711,4,182,1.1064488004180217,-0.013276725326508004,held
NO2,11,random_forest,4,0.257063968293055,0.1403873965311954,0.8468472089576029,1.588301409841265,4,182,0.5461185301984938,0.11667657176185961,held
NO2,11,xgboost,4,0.2591877447290878,0.1296811459768566,0.8788739885346724,1.943704284586824,4,182,0.5003367196716956,0.1295065987522312,held
NO2,12,pls,4,0.1783628379858273,0.1220359582119572,0.8864668649991587,1.1135539813533573,4,144,0.6842005856716306,0.0563268797738701,held
NO2,12,random_forest,4,0.3532057076496466,0.1971920168301616,0.5879965817795807,3.4217653544904154,4,144,0.5582922714990812,0.156013690819485,held
NO2,12,xgboost,4,0.3475386021906975,0.2465129517530787,0.490905404765088,3.732666607525682,4,144,0.7093109950928986,0.1010256504376188,held
NO2,13,pls,4,0.1441185089478762,0.1267661081797511,1.004366136591818,0.5458711172638823,4,194,0.8795963065757153,0.01735240076812511,held
NO2,13,random_forest,4,0.2511566141493447,0.1449370005113481,0.9250886906928886,1.92311711038356,4,194,0.5770781749158497,0.10621961363799659,held
NO2,13,xgboost,4,0.2589187062140269,0.1492208260915592,0.9905729063038043,2.4104036206905737,4,194,0.576323079446452,0.1096978801224677,held
NOx,4,pls,4,0.0957299318508368,0.1357137008987162,0.8278174353068625,1.6034624960596189,4,197,1.4176725949223572,-0.03998376904787941,fit
NOx,4,random_forest,4,0.0902620850209509,0.1340226901352395,0.7457953784027576,1.3995837753508,4,197,1.4848171311811735,-0.04376060511428859,fit
NOx,4,xgboost,4,0.090485713534672,0.1334259593057292,0.7541179577470947,1.2288201397496308,4,197,1.4745527674333199,-0.042940245771057206,fit
NOx,5,pls,4,0.099780434341423,0.1951714341338655,0.6228771802996764,2.192723329793836,4,198,1.9560090655252012,-0.0953909997924425,fit
NOx,5,random_forest,4,0.0919113527270852,0.1721152892760138,0.6281770368663185,1.5653664336485018,4,198,1.8726227410348346,-0.0802039365489286,fit
NOx,5,xgboost,4,0.0963315106573193,0.1685722645923764,0.6341711653788377,1.5124285485240816,4,198,1.749918208923761,-0.07224075393505709,fit
NOx,6,pls,4,0.1016509067851692,0.1081945567592202,0.7305457374715204,1.365644540544556,4,107,1.0643737491479586,-0.006543649974050991,fit
NOx,6,random_forest,4,0.0976632736567326,0.0984120772971106,0.8352514682605955,0.6480251709167366,4,107,1.0076671978353902,-0.0007488036403780068,fit
NOx,6,xgboost,4,0.0989270602247858,0.1090947702209827,0.7323445712940002,0.965121606823473,4,107,1.1027798660254682,-0.0101677099961969,fit
NOx,7,pls,4,0.321197698232573,0.1315322855920079,1.0031486555985796,3.347542774562097,4,107,0.4095056917150382,0.18966541264056508,fit
NOx,7,random_forest,4,0.2928973370025678,0.1355151176764229,1.0516601969668653,3.10840116409942,4,107,0.4626710473480162,0.1573822193261449,fit
NOx,7,xgboost,4,0.2960575982009445,0.1364253892207974,0.8815058520210662,3.3184675877432213,4,107,0.4608069174708388,0.15963220898014713,fit
NOx,8,pls,4,0.3499082047556124,0.1522530589538802,0.794717034818319,4.253293904174269,4,105,0.43512286046627235,0.1976551458017322,fit
NOx,8,random_forest,4,0.3212485860048769,0.1547649582007168,0.8375680540722098,3.943627243727734,4,105,0.4817607452391007,0.16648362780416007,fit
NOx,8,xgboost,4,0.331020801748334,0.1595581854707256,0.7790052084738784,3.850042221481563,4,105,0.48201860616612635,0.1714626162776084,fit
NOx,9,pls,4,0.4198521114588329,0.2897691287274396,0.5522121156949215,6.971800155567837,4,125,0.6901695164056639,0.1300829827313933,fit
NOx,9,random_forest,4,0.3948734600821519,0.3125432170391626,0.5834751443332951,7.448650395908739,4,125,0.7915022118076489,0.0823302430429893,fit
NOx,9,xgboost,4,0.3949161559939855,0.370916171511123,0.536475735895015,7.454127409364273,4,125,0.9392276458721835,0.023999984482862502,fit
NOx,10,pls,4,0.4585298388959065,0.4204521834395134,0.4934081275440007,7.17585641685366,4,110,0.9169570827755066,0.03807765545639308,held
NOx,10,random_forest,4,0.4230235481031335,0.1974990145853868,0.6723308419911752,6.607484702941751,4,110,0.46687475312186727,0.22552453351774668,held
NOx,10,xgboost,4,0.4262639961364408,0.1977280351905814,0.6328400199846645,6.223042253816655,4,110,0.4638628572498335,0.22853596094585937,held
NOx,11,pls,4,0.3946415121166926,0.1182139312843766,0.9304891778002172,4.394443654661116,4,142,0.2995476341308504,0.276427580832316,held
NOx,11,random_forest,4,0.3584895278671328,0.1421189291478429,0.9249815687788104,4.267296911280708,4,142,0.39643816095101264,0.21637059871928987,held
NOx,11,xgboost,4,0.3562231676292494,0.1612816223152404,0.94827320181868,3.681739280952545,4,142,0.45275444432378803,0.19494154531400898,held
NOx,12,pls,4,0.4148734594331006,0.1703013416217768,0.691483590520232,5.677055097523148,4,159,0.4104898439502089,0.24457211781132382,held
NOx,12,random_forest,4,0.3796635416854557,0.1979511513652201,0.6165388084072697,6.163490831552151,4,159,0.5213857261259471,0.1817123903202356,held
NOx,12,xgboost,4,0.3870422533581194,0.1882477578154808,0.673934850101526,5.622229182251696,4,159,0.48637521144571366,0.19879449554263862,held
NOx,13,pls,4,0.35562241604763,0.1433137235648031,0.7004447850529549,5.859545661246033,4,174,0.40299406645279773,0.2123086924828269,held
NOx,13,random_forest,4,0.3219926180879939,0.1382171295026643,0.7198013569042028,5.860590053770484,4,174,0.42925558456403,0.1837754885853296,held
NOx,13,xgboost,4,0.3319397410356828,0.142475653848234,0.7200145534486876,5.873767502081551,4,174,0.429221440625629,0.1894640871874488,held
CO,4,pls,5,0.0583823520264781,0.0625740520524744,0.9172843180261628,0.4101291612705162,5,201,1.0717973819227982,-0.004191700025996302,fit
CO,4,random_forest,5,0.0546879344259304,0.0540340999350523,0.966971771838002,-0.4385111150698061,5,201,0.9880442642834928,0.000653834490878101,fit
CO,4,xgboost,5,0.0568490606368537,0.0563675461321998,0.9552631963375232,0.0016908510717973,5,201,0.9915299479136556,0.00048151450465390433,fit
CO,5,pls,5,0.0822174721446088,0.1233850342249048,0.7651371184635225,0.6279138548989499,5,139,1.5007154927834334,-0.041167562080296,fit
CO,5,random_forest,5,0.0733907988273597,0.1012144492442469,0.8045183689641205,-0.1620841219413201,5,139,1.3791163314946053,-0.027823650416887197,fit
CO,5,xgboost,5,0.0690107902755066,0.10259208776103,0.7831680445791083,0.0748549341050066,5,139,1.4866093744392623,-0.033581297485523395,fit
CO,6,pls,5,0.0615553715562399,0.0660555552188679,1.080598921239554,0.3923065833043839,5,134,1.0731078953607878,-0.004500183662627999,fit
CO,6,random_forest,5,0.0476180777189675,0.046767899367558,1.0473767612640248,-0.2377153120693647,5,134,0.9821458909696632,0.0008501783514094988,fit
CO,6,xgboost,5,0.0528854217363982,0.0544477253591393,1.0863844926470363,-0.0035632188771165,5,134,1.0295412908027515,-0.0015623036227410958,fit
CO,7,pls,5,0.0857710136267991,0.08617464243896,0.8564177327651814,0.9335469315555288,5,139,1.0047058883309592,-0.0004036288121608972,fit
CO,7,random_forest,5,0.0593806397269783,0.0874105943107503,0.8399922553367519,0.2321716863492251,5,139,1.472038609092943,-0.028029954583771992,fit
CO,7,xgboost,5,0.0697857724722782,0.1093979787518342,0.8072340594089488,0.7011727344225417,5,139,1.5676258193644215,-0.039612206279556,fit
CO,8,pls,5,0.0588818442499116,0.0571985564802721,0.9200073624668148,0.2002148891466126,5,141,0.971412448249835,0.0016832877696395035,fit
CO,8,random_forest,5,0.048617904578622,0.053815899331982,0.899661392167476,-0.4732819799792258,5,141,1.1069152362367676,-0.005197994753359997,fit
CO,8,xgboost,5,0.0533142158383381,0.059158697360059,0.8995200782141658,-0.217461346603925,5,141,1.1096233233448058,-0.005844481521720901,fit
CO,9,pls,5,0.1327562316483089,0.0899825978694801,0.9553017797963652,1.6991914329836548,5,202,0.6778031942625296,0.04277363377882881,fit
CO,9,random_forest,5,0.0912422264134439,0.07916333724573,0.9475557671984745,0.4838771512033481,5,202,0.8676173341827381,0.012078889167713894,fit
CO,9,xgboost,5,0.0963448326513352,0.0826489000423425,0.9550038935460228,1.09626189128113,5,202,0.8578446582749564,0.013695932608992697,fit
CO,10,pls,5,0.1756550953007581,0.0972812813625107,0.9945922330241284,2.4143401088080148,5,146,0.5538198661185711,0.0783738139382474,held
CO,10,random_forest,5,0.1300943282644379,0.0914098567895625,0.9853078014029596,0.839900941157567,5,146,0.7026429054136556,0.0386844714748754,held
CO,10,xgboost,5,0.1293286642113204,0.0951144094256442,0.9874529071902376,0.8410574112657253,5,146,0.7354472421537518,0.03421425478567619,held
CO,11,pls,5,0.1442547854127872,0.1187310301937355,0.8663394892684767,1.9575968864565332,5,189,0.8230647590233136,0.02552375521905169,held
CO,11,random_forest,5,0.099977689158321,0.116979106621297,0.8423902848995195,0.5709437540557092,5,189,1.1700521146878398,-0.017001417462975996,held
CO,11,xgboost,5,0.1093478810070328,0.1401680456870911,0.827260765387776,1.281518295646563,5,189,1.281854247162559,-0.0308201646800583,held
CO,12,pls,5,0.1644128654450597,0.0978342103527133,0.7698143166611564,1.781160961120093,5,189,0.5950520361522781,0.06657865509234641,held
CO,12,random_forest,5,0.0943580757821741,0.0808166482419336,0.8584071158881836,0.2444298122974156,5,189,0.8564889393092232,0.0135414275402405,held
CO,12,xgboost,5,0.0928600412502785,0.0753465274231674,0.8526367996566282,0.8001467690706268,5,189,0.8113988149121292,0.017513513827111096,held
CO,13,pls,5,0.1174648205383987,0.1161502844525015,0.8872198373944975,2.141850034565703,5,209,0.9888091082941085,0.0013145360858971972,held
CO,13,random_forest,5,0.0786730254450533,0.0909060456649182,0.8616478137721865,0.8366633104468518,5,209,1.1554919256080811,-0.012233020219864901,held
CO,13,xgboost,5,0.0867562096347296,0.0982982487568236,0.8556302453763371,1.5495871622929809,5,209,1.1330399192252583,-0.011542039122093992,held
NO2,4,pls,5,0.1409191149857765,0.1190823467035905,0.7408543254522214,1.181545242535026,5,191,0.8450404099941298,0.021836768282186003,fit
NO2,4,random_forest,5,0.1131850482044795,0.1088998640626802,0.7871308141927973,0.6322751701722835,5,191,0.962140015754928,0.004285184141799306,fit
NO2,4,xgboost,5,0.112484996891412,0.1146623535671804,0.7486591342373469,0.6995550367684407,5,191,1.0193568630123209,-0.002177356675768391,fit
NO2,5,pls,5,0.1359637437079492,0.114624572933952,1.045959412083812,0.2989374394761908,5,195,0.843052491847872,0.021339170773997204,fit
NO2,5,random_forest,5,0.1221020467552883,0.1109396158992874,0.93981229314723,0.8427852760791944,5,195,0.9085811323181817,0.011162430856000896,fit
NO2,5,xgboost,5,0.1254668536207586,0.1080342104050356,1.077552557227078,0.4752880269260078,5,195,0.8610577797031904,0.017432643215723007,fit
NO2,6,pls,5,0.1456270991908023,0.1513859492204168,2.031658155926385,3.069372088738719,5,107,1.0395451812307899,-0.005758850029614487,fit
NO2,6,random_forest,5,0.1291608251874875,0.1459967153572818,1.984032766846892,3.349389435772243,5,107,1.1303482704245316,-0.016835890169794282,fit
NO2,6,xgboost,5,0.1378199612598547,0.1555888382807962,2.185625785682117,3.565981317746418,5,107,1.128928181799724,-0.017768877020941487,fit
NO2,7,pls,5,0.1175726576344987,0.1060141590151486,0.928320648235797,0.1141103239469601,5,123,0.9016905898709688,0.0115584986193501,fit
NO2,7,random_forest,5,0.1318241008732545,0.1167229049816654,1.1013864205687791,-0.0362005725089548,5,123,0.8854443474937219,0.015101195891589092,fit
NO2,7,xgboost,5,0.1333209424912854,0.1187000608706502,0.975912641972313,0.3441112120296333,5,123,0.8903331963649229,0.014620881620635198,fit
NO2,8,pls,5,0.2407391078243416,0.1240192704204217,0.8755822867889279,1.3186750474576123,5,144,0.515160463712086,0.1167198374039199,fit
NO2,8,random_forest,5,0.1954197837583011,0.1514304380185381,0.8963752005220154,0.9764482064106008,5,144,0.7748981966218432,0.043989345739763014,fit
NO2,8,xgboost,5,0.1924323096621681,0.1370470291912195,0.9965604896439886,1.102057667932457,5,144,0.7121830498829311,0.055385280470948595,fit
NO2,9,pls,5,0.1326317536492991,0.1337705445550895,0.9510320438665946,1.0102489022038643,5,176,1.0085861105991372,-0.0011387909057903878,fit
NO2,9,random_forest,5,0.1718266167249796,0.1434312934761752,0.8341868871750636,1.5749764780685056,5,176,0.8347443266356511,0.028395323248804394,fit
NO2,9,xgboost,5,0.172052570540527,0.1337111501804107,0.9287231882027918,1.364006491113117,5,176,0.7771528769395225,0.03834142036011631,fit
NO2,10,pls,5,0.0937224626065149,0.1175689897325189,0.7314866286147934,0.1212848852712183,5,138,1.254437692553187,-0.023846527126004005,held
NO2,10,random_forest,5,0.1856688312052988,0.1469107033322237,0.6787393841058335,1.85627261975645,5,138,0.791251296076619,0.038758127873075116,held
NO2,10,xgboost,5,0.1992833634394797,0.1598183543984246,0.6433741856738703,1.9201622852470817,5,138,0.8019653604800773,0.0394650090410551,held
NO2,11,pls,5,0.12472404831591,0.1307318405566843,0.9111861600478682,-0.0680259734806684,5,182,1.0481686757437294,-0.006007792240774301,held
NO2,11,random_forest,5,0.257063968293055,0.141449589877826,0.8444452172222185,1.4674626244158155,5,182,0.5502505497642218,0.11561437841522901,held
NO2,11,xgboost,5,0.2591877447290878,0.130694038591691,0.8761189146848669,1.7339724387538489,5,182,0.5042446691617192,0.1284937061373968,held
NO2,12,pls,5,0.1783628379858273,0.1388117638503299,0.9725432899961632,0.9951902289704074,5,144,0.7782549628491551,0.03955107413549741,held
NO2,12,random_forest,5,0.3532057076496466,0.2055997903491441,0.5868361080205068,3.048139202798356,5,144,0.5820964551147163,0.1476059173005025,held
NO2,12,xgboost,5,0.3475386021906975,0.2264349420281627,0.5257921229952344,3.296072058477522,5,144,0.6515389674724992,0.12110366016253479,held
NO2,13,pls,5,0.1441185089478762,0.1289604323791535,0.9871122900592598,0.4025961221850088,5,194,0.8948221385345794,0.0151580765687227,held
NO2,13,random_forest,5,0.2511566141493447,0.1450768649790781,0.9231258705790228,1.7037791123892054,5,194,0.5776350563987591,0.10607974917026661,held
NO2,13,xgboost,5,0.2589187062140269,0.146210969525029,0.97003143300299,2.09329242996202,5,194,0.5646983629068822,0.11270773668899792,held
NOx,4,pls,5,0.0957299318508368,0.1350406996928161,0.8244429217406334,1.3352129290905252,5,197,1.4106423882473043,-0.0393107678419793,fit
NOx,4,random_forest,5,0.0902620850209509,0.1296327022579627,0.7274805960147296,1.2337365540405234,5,197,1.4361811188814595,-0.039370617237011796,fit
NOx,4,xgboost,5,0.090485713534672,0.1286064678502688,0.7357847032041549,1.0719139261738613,5,197,1.421290310110555,-0.038120754315596805,fit
NOx,5,pls,5,0.099780434341423,0.1954674695114716,0.6419944665922015,1.8694208921788804,5,198,1.958975933524524,-0.09568703517004859,fit
NOx,5,random_forest,5,0.0919113527270852,0.169989364348085,0.6695802695254116,1.326985206200224,5,198,1.8494925741419441,-0.07807801162099981,fit
NOx,5,xgboost,5,0.0963315106573193,0.1677758753046335,0.6579559786631263,1.2607984191835642,5,198,1.7416510356768273,-0.0714443646473142,fit
NOx,6,pls,5,0.1016509067851692,0.1090538491708332,0.7644907769903352,1.1178238377262242,5,107,1.0728271160562246,-0.007402942385663996,fit
NOx,6,random_forest,5,0.0976632736567326,0.1004304645189997,0.8571412238886795,0.4754759097442427,5,107,1.0283339965849727,-0.0027671908622671076,fit
NOx,6,xgboost,5,0.0989270602247858,0.1109368869431711,0.7476862045339683,0.7576994246522323,5,107,1.1214008249218779,-0.012009826718385297,fit
NOx,7,pls,5,0.321197698232573,0.142356516844875,0.985420565597614,2.9237421261334458,5,107,0.4432052833136974,0.178841181387698,fit
NOx,7,random_forest,5,0.2928973370025678,0.1384760270956467,1.0430360831943364,2.736619587132887,5,107,0.47278008230724433,0.15442130990692113,fit
NOx,7,xgboost,5,0.2960575982009445,0.1338413572326006,0.8910428881037438,2.957912553236507,5,107,0.45207877806857655,0.16221624096834392,fit
NOx,8,pls,5,0.3499082047556124,0.1542114940577017,0.7866635887660345,3.7762697985692415,5,105,0.4407198572705895,0.1956967106979107,fit
NOx,8,random_forest,5,0.3212485860048769,0.1445874762305388,0.8705899580309446,3.550909089232127,5,105,0.4500797280656165,0.17666110977433808,fit
NOx,8,xgboost,5,0.331020801748334,0.1465730663390011,0.8240830730713606,3.51297475094728,5,105,0.44279110425947366,0.18444773540933287,fit
NOx,9,pls,5,0.4198521114588329,0.2209353686076883,0.6128701558507924,6.202833975812489,5,125,0.5262218828435054,0.19891674285114458,fit
NOx,9,random_forest,5,0.3948734600821519,0.2326040586315085,0.6380325093368306,6.629523559586569,5,125,0.5890597422858354,0.16226940145064342,fit
NOx,9,xgboost,5,0.3949161559939855,0.2624256798744399,0.6118017022317686,6.629825790038447,5,125,0.6645098608688893,0.13249047611954562,fit
NOx,10,pls,5,0.4585298388959065,0.3662113090015919,0.5039852242320094,6.472582597168913,5,110,0.7986640736040029,0.0923185298943146,held
NOx,10,random_forest,5,0.4230235481031335,0.1951331256295853,0.6588314447987234,5.976589789551152,5,110,0.4612819463705403,0.22789042247354818,held
NOx,10,xgboost,5,0.4262639961364408,0.195856416541772,0.6427937576665175,5.668988654020828,5,110,0.45947210723159754,0.2304075795946688,held
NOx,11,pls,5,0.3946415121166926,0.1114115144175358,0.9768015648097276,4.156686210907777,5,142,0.2823106819654396,0.2832299976991568,held
NOx,11,random_forest,5,0.3584895278671328,0.1185749805427706,0.999319284427682,3.980721616212496,5,142,0.33076274570206726,0.23991454732436218,held
NOx,11,xgboost,5,0.3562231676292494,0.1418604760126543,0.9973523347362976,3.421064647348257,5,142,0.39823483957197336,0.21436269161659507,held
NOx,12,pls,5,0.4148734594331006,0.171401794250723,0.6838625713101154,5.166074874338979,5,159,0.4131423458249972,0.24347166518237762,held
NOx,12,random_forest,5,0.3796635416854557,0.199767615691485,0.599315737536966,5.50886397905689,5,159,0.5261701315976998,0.1798959259939707,held
NOx,12,xgboost,5,0.3870422533581194,0.1923136181973102,0.6613956382159966,5.040091224629392,5,159,0.4968801636739329,0.19472863516080924,held
NOx,13,pls,5,0.35562241604763,0.1520203024107622,0.6854262011963199,5.275049815893311,5,174,0.4274767156140165,0.2036021136368678,held
NOx,13,random_forest,5,0.3219926180879939,0.13506015387034,0.7265677580218821,5.287853640391553,5,174,0.4194510876439747,0.1869324642176539,held
NOx,13,xgboost,5,0.3319397410356828,0.1304241311364932,0.7584233619844548,5.377380419922997,5,174,0.3929150837123564,0.2015156098991896,held
CO,4,pls,6,0.0583823520264781,0.0578819465304383,0.9521143993305636,0.3409832056222386,6,201,0.9914288226035695,0.0005004054960398019,fit
CO,4,random_forest,6,0.0546879344259304,0.0534278528220752,1.032750282935223,0.1624988489156544,6,201,0.9769586908505045,0.0012600816038552051,fit
CO,4,xgboost,6,0.0568490606368537,0.056380125630141,1.038970032740942,0.5396651102177658,6,201,0.9917512268195914,0.0004689350067127035,fit
CO,5,pls,6,0.0822174721446088,0.1105628555136953,0.7979784838550845,0.5090352377262793,6,139,1.3447610663489022,-0.0283453833690865,fit
CO,5,random_forest,6,0.0733907988273597,0.0948193394353992,0.8209496522618959,-0.2292792596907072,6,139,1.2919785715706238,-0.021428540608039504,fit
CO,5,xgboost,6,0.0690107902755066,0.0930138004226023,0.8070331567638325,-0.0144395391576946,6,139,1.3478153206371102,-0.024003010147095688,fit
CO,6,pls,6,0.0615553715562399,0.0636263967871017,1.0880039893429694,0.2792826837567097,6,134,1.0336449147897615,-0.002071025230861806,fit
CO,6,random_forest,6,0.0476180777189675,0.0468849137340168,1.051021698228689,-0.2649421633168643,6,134,0.9846032427163968,0.0007331639849506993,fit
CO,6,xgboost,6,0.0528854217363982,0.0548348647598082,1.08535562276299,-0.089651375643048,6,134,1.036861633308453,-0.0019494430234099983,fit
CO,7,pls,6,0.0857710136267991,0.0819063115726259,0.8650944674938166,0.8210368934552277,6,139,0.9549416301527107,0.0038647020541732052,fit
CO,7,random_forest,6,0.0593806397269783,0.0791136965079728,0.8550554500729357,0.1249188064749851,6,139,1.332314654603312,-0.019733056780994497,fit
CO,7,xgboost,6,0.0697857724722782,0.0907945481784521,0.844957180186707,0.556343540783102,6,139,1.3010466884853853,-0.021008775706173904,fit
CO,8,pls,6,0.0588818442499116,0.0556053583340914,0.9242989907478356,0.140755108208507,6,141,0.9443549033227654,0.0032764859158202,fit
CO,8,random_forest,6,0.048617904578622,0.0524968651943012,0.9047281478844652,-0.5145189249026747,6,141,1.0797846112311642,-0.003878960615679196,fit
CO,8,xgboost,6,0.0533142158383381,0.0587363872477208,0.9007898045600587,-0.2634838337831677,6,141,1.1017021693768145,-0.005422171409382705,fit
CO,9,pls,6,0.1327562316483089,0.0937294565739043,0.9501327391782592,2.536760990917493,6,202,0.7060267936966427,0.03902677507440461,fit
CO,9,random_forest,6,0.0912422264134439,0.0810064891179164,0.9326161672230088,0.7491574133067833,6,202,0.8878179797022211,0.0102357372955275,fit
CO,9,xgboost,6,0.0963448326513352,0.0827956735978198,0.9539075316188496,1.118087765383939,6,202,0.8593680773462049,0.013549159053515406,fit
CO,10,pls,6,0.1756550953007581,0.0990594880728736,1.0271634384143586,2.2607013821618422,6,146,0.5639431517956432,0.0765956072278845,held
CO,10,random_forest,6,0.1300943282644379,0.090795621045246,0.97501182341813,0.9677009842426408,6,146,0.6979214409769587,0.0392987072191919,held
CO,10,xgboost,6,0.1293286642113204,0.0951939016188905,0.988618382740132,0.8611815941620279,6,146,0.7360618947037574,0.03413476259242988,held
CO,11,pls,6,0.1442547854127872,0.111617419239117,0.8891726200947028,1.7673617564426962,6,189,0.7737519342580013,0.03263736617367019,held
CO,11,random_forest,6,0.099977689158321,0.1135586050852274,0.848884626228988,0.4833024888384278,6,189,1.1358394661973048,-0.013580915926906398,held
CO,11,xgboost,6,0.1093478810070328,0.127881095619421,0.8528871560142808,1.110581296324151,6,189,1.1694885574526699,-0.018533214612388188,held
CO,12,pls,6,0.1644128654450597,0.0984535309072325,0.7711857617714297,1.950834599652313,6,189,0.5988188980267592,0.06595933453782721,held
CO,12,random_forest,6,0.0943580757821741,0.0803100628552015,0.8681184051727071,0.4893017018125125,6,189,0.8511201843560006,0.014048012926972608,held
CO,12,xgboost,6,0.0928600412502785,0.0769042027068537,0.8548946115833815,0.8729315212193215,6,189,0.8281732559172545,0.01595583854342479,held
CO,13,pls,6,0.1174648205383987,0.11230604071529,0.8926574116966729,2.032536184223096,6,209,0.9560823419346874,0.0051587798231086945,held
CO,13,random_forest,6,0.0786730254450533,0.0939163178143307,0.8610148286520654,0.8035395949212253,6,209,1.193755004120486,-0.015243292369277406,held
CO,13,xgboost,6,0.0867562096347296,0.0987350483457715,0.8552348404053841,1.416403400487343,6,209,1.1380747125937902,-0.011978838711041898,held
NO2,4,pls,6,0.1409191149857765,0.1191027528321555,0.7407815083656691,1.1435873449793863,6,191,0.8451852173793243,0.021816362153620997,fit
NO2,4,random_forest,6,0.1131850482044795,0.1089011203795961,0.7871268480369671,0.6230300281532456,6,191,0.9621511154269768,0.0042839278248834045,fit
NO2,4,xgboost,6,0.112484996891412,0.112789969851845,0.7541882322854974,0.6597134332140754,6,191,1.0027112323319651,-0.0003049729604329976,fit
NO2,5,pls,6,0.1359637437079492,0.1115508795577897,1.0259904020612116,0.6389010559132317,6,195,0.8204457785260867,0.024412864150159502,fit
NO2,5,random_forest,6,0.1221020467552883,0.1092633516801219,0.9512317835199828,0.8249543479281874,6,195,0.8948527447627708,0.012838695075166398,fit
NO2,5,xgboost,6,0.1254668536207586,0.1081024526827847,1.0704247675383949,0.4797969238387915,6,195,0.8616016865262257,0.017364400937973895,fit
NO2,6,pls,6,0.1456270991908023,0.148457947877615,2.3458307574757677,2.71667550411456,6,107,1.0194390240727358,-0.002830848686812687,fit
NO2,6,random_forest,6,0.1291608251874875,0.1413322322729598,2.1117171406941773,2.971372077775166,6,107,1.0942345100985884,-0.012171407085472291,fit
NO2,6,xgboost,6,0.1378199612598547,0.1520206970864407,2.535364153811452,3.1682318568529078,6,107,1.1030383095218768,-0.014200735826585986,fit
NO2,7,pls,6,0.1175726576344987,0.1109662834644846,0.9132506163926232,0.1692371605192356,6,123,0.9438102846109722,0.006606374170014098,fit
NO2,7,random_forest,6,0.1318241008732545,0.1216105303532494,1.085062074868142,0.3022305240253758,6,123,0.9225212199260499,0.0102135705200051,fit
NO2,7,xgboost,6,0.1333209424912854,0.1272068269829479,0.9610139454575743,0.5889042888086512,6,123,0.9541398718454369,0.0061141155083374865,fit
NO2,8,pls,6,0.2407391078243416,0.1253448787809287,0.8709025957075539,1.209425833289399,6,144,0.5206668742512256,0.1153942290434129,fit
NO2,8,random_forest,6,0.1954197837583011,0.1516667120080401,0.8956516257328685,0.8285096035561398,6,144,0.776107255320804,0.043753071750261,fit
NO2,8,xgboost,6,0.1924323096621681,0.1375765801320859,0.9942104926881248,0.9503259334251474,6,144,0.7149349315279421,0.05485572953008219,fit
NO2,9,pls,6,0.1326317536492991,0.1338476375585746,0.9502517793199856,0.8383444350771581,6,176,1.0091673666058167,-0.0012158839092754892,fit
NO2,9,random_forest,6,0.1718266167249796,0.1470838880716963,0.8182589794371021,1.6537035309998322,6,176,0.8560017701280487,0.02474272865328328,fit
NO2,9,xgboost,6,0.172052570540527,0.1385009010690635,0.9053373750584296,1.5946680494626655,6,176,0.8049917570771753,0.03355166947146351,fit
NO2,10,pls,6,0.0937224626065149,0.1150146859084205,0.7392602957425478,0.024311641966675,6,138,1.2271837797444465,-0.021292223301905597,held
NO2,10,random_forest,6,0.1856688312052988,0.1130285681962276,0.8223332927397411,1.630981251649558,6,138,0.6087643653621593,0.07264026300907121,held
NO2,10,xgboost,6,0.1992833634394797,0.1241830226767089,0.7725099569767474,1.712872010277567,6,138,0.6231479664604417,0.07510034076277079,held
NO2,11,pls,6,0.12472404831591,0.1256387868306441,0.912800836239187,0.099940968146238,6,182,1.0073340989735773,-0.0009147385147341147,held
NO2,11,random_forest,6,0.257063968293055,0.1371866048174186,0.8589431308215745,1.992973489164023,6,182,0.5336671869198906,0.1198773634756364,held
NO2,11,xgboost,6,0.2591877447290878,0.1304635690007743,0.8653850043421324,2.0049058349865043,6,182,0.5033554697469953,0.1287241757283135,held
NO2,12,pls,6,0.1783628379858273,0.1485792125767705,1.1179779035480175,0.827931555462507,6,144,0.8330166432347113,0.029783625409056796,held
NO2,12,random_forest,6,0.3532057076496466,0.1631339704978593,0.8907753621644362,2.9004211561778144,6,144,0.4618667449725243,0.1900717371517873,held
NO2,12,xgboost,6,0.3475386021906975,0.1488059362980049,1.0349203708736938,3.1151735754454544,6,144,0.4281709581612283,0.1987326658926926,held
NO2,13,pls,6,0.1441185089478762,0.1268978694582421,1.007722495040162,0.8452893355241283,6,194,0.8805105630404326,0.017220639489634093,held
NO2,13,random_forest,6,0.2511566141493447,0.1494426280911875,1.0214568601683092,2.4735124744162653,6,194,0.5950176888526008,0.10171398605815721,held
NO2,13,xgboost,6,0.2589187062140269,0.1585355178449195,1.039219117112706,2.672862710179514,6,194,0.6122984320563968,0.1003831883691074,held
NOx,4,pls,6,0.0957299318508368,0.1309115083384232,0.8338002658301753,1.3192814098907348,6,197,1.3675086340017997,-0.035181576487586394,fit
NOx,4,random_forest,6,0.0902620850209509,0.1189218175932685,0.7554323215598567,1.0524170784995504,6,197,1.3175168462557156,-0.028659732572317603,fit
NOx,4,xgboost,6,0.090485713534672,0.1281445004720621,0.7367657002406671,1.00367043904728,6,197,1.4161848922477707,-0.03765878693739011,fit
NOx,5,pls,6,0.099780434341423,0.1878853069040409,0.648842661151261,1.7043441916161088,6,198,1.882987462864169,-0.0881048725626179,fit
NOx,5,random_forest,6,0.0919113527270852,0.1598354961860339,0.6811011522191259,1.1417568583294515,6,198,1.7390179933553764,-0.0679241434589487,fit
NOx,5,xgboost,6,0.0963315106573193,0.1464188349134038,0.692113457775455,1.066734374610481,6,198,1.5199474597077631,-0.05008732425608449,fit
NOx,6,pls,6,0.1016509067851692,0.1066193764818419,0.762900768692772,0.938935283197062,6,107,1.0488777705365004,-0.004968469696672695,fit
NOx,6,random_forest,6,0.0976632736567326,0.1006786740365546,0.8578248087429239,0.3489933538722147,6,107,1.0308754792555956,-0.0030154003798220086,fit
NOx,6,xgboost,6,0.0989270602247858,0.1103114024118305,0.7465561996547418,0.604769570352696,6,107,1.1150781410180064,-0.011384342187044705,fit
NOx,7,pls,6,0.321197698232573,0.1238455066677978,1.0236181978398562,3.638439454273101,6,107,0.3855740789839773,0.19735219156477518,fit
NOx,7,random_forest,6,0.2928973370025678,0.1235708317429088,1.0424923093492169,3.3717432375906355,6,107,0.42189127769989065,0.16932650525965903,fit
NOx,7,xgboost,6,0.2960575982009445,0.1296120405126082,0.8868841653577553,3.509686680138614,6,107,0.43779332569142854,0.16644555768833633,fit
NOx,8,pls,6,0.3499082047556124,0.1498006412020664,0.8954306061086462,3.773870019387235,6,105,0.42811411440521147,0.200107563553546,fit
NOx,8,random_forest,6,0.3212485860048769,0.148841295021468,0.9469248101692902,3.518435156366924,6,105,0.46332124562007704,0.17240729098340887,fit
NOx,8,xgboost,6,0.331020801748334,0.1466746609372527,0.914333643950006,3.4831695872477653,6,105,0.44309801729247644,0.18434614081108128,fit
NOx,9,pls,6,0.4198521114588329,0.1726083946658919,0.7385373879186933,6.278105206080684,6,125,0.4111171289960665,0.247243716792941,fit
NOx,9,random_forest,6,0.3948734600821519,0.2103847905768709,0.6721092002851701,6.863965756985515,6,125,0.5327904046351992,0.184488669505281,fit
NOx,9,xgboost,6,0.3949161559939855,0.2131074880253891,0.691010653882722,6.7889303654455135,6,125,0.5396271709598902,0.1818086679685964,fit
NOx,10,pls,6,0.4585298388959065,0.2303430651275939,0.6846822383534106,6.485354298941921,6,110,0.5023513097473367,0.2281867737683126,held
NOx,10,random_forest,6,0.4230235481031335,0.1860524048278055,0.6720235205630744,6.222097361307021,6,110,0.4398157163166855,0.23697114327532798,held
NOx,10,xgboost,6,0.4262639961364408,0.2048749915106752,0.6306435327083573,6.031864631783987,6,110,0.4806293596635306,0.22138900462576558,held
NOx,11,pls,6,0.3946415121166926,0.11356103633432,0.9765753765638652,4.627188406221251,6,142,0.2877574528975067,0.2810804757823726,held
NOx,11,random_forest,6,0.3584895278671328,0.1053921015192724,1.0486945774442495,4.595062439260895,6,142,0.29398934508997415,0.25309742634786037,held
NOx,11,xgboost,6,0.3562231676292494,0.1183290668948361,1.047622297649111,4.052334149821106,6,142,0.33217678592424077,0.23789410073441328,held
NOx,12,pls,6,0.4148734594331006,0.171559200375992,0.6832347867745281,5.339849338229349,6,159,0.41352175338093994,0.2433142590571086,held
NOx,12,random_forest,6,0.3796635416854557,0.2016765952154088,0.5945657476012435,5.674092210460432,6,159,0.531198213871413,0.1779869464700469,held
NOx,12,xgboost,6,0.3870422533581194,0.1916272560374789,0.6504224952525597,5.308377700413425,6,159,0.4951068116590659,0.19541499732064052,held
NOx,13,pls,6,0.35562241604763,0.1472510309351115,0.7198895632157465,5.279936098414724,6,174,0.41406566147222157,0.20837138511251851,held
NOx,13,random_forest,6,0.3219926180879939,0.1347413081912942,0.7189575610033047,5.467842652225745,6,174,0.4184608609706456,0.1872513098966997,held
NOx,13,xgboost,6,0.3319397410356828,0.1300163224578866,0.7617614510117691,5.47564866869468,6,174,0.3916865213313224,0.2019234185777962,held
CO,4,pls,8,0.0583823520264781,0.0586681015157914,0.9539202663435288,0.2292667246778224,8,201,1.004894449767692,-0.0002857494893133,fit
CO,4,random_forest,8,0.0546879344259304,0.0537150635544415,1.0508698524341231,0.1316847871839765,8,201,0.9822105025230645,0.0009728708714889026,fit
CO,4,xgboost,8,0.0568490606368537,0.0555374275425328,1.0549423023246332,0.4016043024115225,8,201,0.976927796525971,0.0013116330943209048,fit
CO,5,pls,8,0.0822174721446088,0.1013775421843448,0.802207824715238,0.3400652432017673,8,139,1.2330413419429411,-0.019160070039736007,fit
CO,5,random_forest,8,0.0733907988273597,0.082254646556033,0.8402534602567682,-0.1117815592854512,8,139,1.1207760083048572,-0.008863847728673296,fit
CO,5,xgboost,8,0.0690107902755066,0.0855105326655702,0.8102193177478717,-0.0688723386922003,8,139,1.239089312326274,-0.01649974239006359,fit
CO,6,pls,8,0.0615553715562399,0.0669461362266375,1.1074910390545476,0.4360623341562472,8,134,1.0875758611167239,-0.005390764670397605,fit
CO,6,random_forest,8,0.0476180777189675,0.0474264863106255,1.060910130079732,-0.3020430790700644,8,134,0.9959764984745346,0.000191591408341997,fit
CO,6,xgboost,8,0.0528854217363982,0.0557472910900461,1.087107509509636,-0.1891455178918012,8,134,1.0541145226734239,-0.0028618693536478987,fit
CO,7,pls,8,0.0857710136267991,0.0813290171331938,0.8640833757705622,0.6650535253550836,8,139,0.9482109828743193,0.004441996493605299,fit
CO,7,random_forest,8,0.0593806397269783,0.0747673886415147,0.8608392130899064,-0.0221957460553924,8,139,1.2591206323354205,-0.015386748914536404,fit
CO,7,xgboost,8,0.0697857724722782,0.0872535064928187,0.848309124832983,0.3527290914910566,8,139,1.2503050894432588,-0.0174677340205405,fit
CO,8,pls,8,0.0588818442499116,0.0530319035806453,0.9257182209107062,-0.0074041023440914,8,141,0.9006494999640728,0.0058499406692663,fit
CO,8,random_forest,8,0.048617904578622,0.0516811886913845,0.9085187800082928,-0.4498889923997031,8,141,1.0630073249621184,-0.0030632841127625,fit
CO,8,xgboost,8,0.0533142158383381,0.0569581250290536,0.903121108947706,-0.2867305661849268,8,141,1.0683477968008521,-0.0036439091907154997,fit
CO,9,pls,8,0.1327562316483089,0.0899359707966741,0.9573227148916617,2.1007650685393706,8,202,0.6774519710300901,0.0428202608516348,fit
CO,9,random_forest,8,0.0912422264134439,0.0797824942663233,0.9381409327998788,0.591871990763288,8,202,0.8744031946875851,0.011459732147120594,fit
CO,9,xgboost,8,0.0963448326513352,0.0796263446351636,0.9670270325910364,0.87918228607644,8,202,0.8264723954975919,0.016718488016171595,fit
CO,10,pls,8,0.1756550953007581,0.1010113546549493,1.1981824260634224,2.894694507440061,8,146,0.5750550787154612,0.0746437406458088,held
CO,10,random_forest,8,0.1300943282644379,0.0914360391983493,1.0633443723065263,1.2989865059225387,8,146,0.7028441625255997,0.03865828906608859,held
CO,10,xgboost,8,0.1293286642113204,0.0948336651416725,1.1012316281744892,1.2582331472286885,8,146,0.733276460558784,0.03449499906964788,held
CO,11,pls,8,0.1442547854127872,0.1079409980074919,0.8816247695087921,1.5078578339224016,8,189,0.7482663240503056,0.036313787405295284,held
CO,11,random_forest,8,0.099977689158321,0.1060705913409179,0.8500744630634418,0.3083678223569838,8,189,1.060942618637128,-0.006092902182596893,held
CO,11,xgboost,8,0.1093478810070328,0.1099730013930606,0.8916090047137462,0.8517866131280298,8,189,1.0057168038399171,-0.0006251203860277998,held
CO,12,pls,8,0.1644128654450597,0.0960211346777197,0.782613548388306,1.704380472821464,8,189,0.5840244582915938,0.06839173076734001,held
CO,12,random_forest,8,0.0943580757821742,0.0802472924905624,0.8703536162578122,0.375242808559814,8,189,0.8504549486131259,0.014110783291611806,held
CO,12,xgboost,8,0.0928600412502785,0.0759995376608065,0.8546735563425595,0.6698653972136791,8,189,0.818431013356658,0.016860503589471998,held
CO,13,pls,8,0.1174648205383987,0.1127649789407746,0.8897707930436926,1.9519259651804888,8,209,0.9599893689354615,0.004699841597624099,held
CO,13,random_forest,8,0.0786730254450533,0.0915474878229428,0.8644622824408682,0.5781745462642965,8,209,1.1636451923014104,-0.0128744623778895,held
CO,13,xgboost,8,0.0867562096347296,0.0974137270546317,0.8501534758648975,1.1288672076028612,8,209,1.1228444334390995,-0.01065751741990209,held
NO2,4,pls,8,0.1409191149857765,0.1145894724415393,0.7968335422805403,1.0302897316303852,8,191,0.8131577639634286,0.026329642544237197,fit
NO2,4,random_forest,8,0.1131850482044795,0.0973994087089787,0.8791820132660982,0.4705780194845508,8,191,0.8605324665588113,0.015785639495500797,fit
NO2,4,xgboost,8,0.112484996891412,0.0997516237757711,0.848731592249319,0.531457306297609,8,191,0.8867993646483083,0.012733373115640906,fit
NO2,5,pls,8,0.1359637437079492,0.1117144450579212,1.024268841799561,0.5744576086844287,8,195,0.8216487867374731,0.024249298650027992,fit
NO2,5,random_forest,8,0.1221020467552883,0.1067611681201287,0.9499034649251844,0.64627212987977,8,195,0.8743601844291347,0.015340878635159594,fit
NO2,5,xgboost,8,0.1254668536207586,0.1078972812851251,1.0701674471529783,0.4679462489257981,8,195,0.8599664227753728,0.0175695723356335,fit
NO2,6,pls,8,0.1456270991908023,0.1475712340144904,2.2712815588595343,2.31574996506354,8,107,1.0133500896089462,-0.001944134823688104,fit
NO2,6,random_forest,8,0.1291608251874875,0.140294532879416,2.0611061516376514,2.5203185828731414,8,107,1.0862003450021864,-0.011133707691928507,fit
NO2,6,xgboost,8,0.1378199612598547,0.1509307507974522,2.4348659792164757,2.7030904154597377,8,107,1.0951298303797774,-0.013110789537597478,fit
NO2,7,pls,8,0.1175726576344987,0.1046030118569895,1.034166174199167,0.327412783466191,8,123,0.8896882486247075,0.012969645777509198,fit
NO2,7,random_forest,8,0.1318241008732545,0.1189404570221482,1.1997069470121728,0.2901822038943618,8,123,0.9022664007130715,0.012883643851106297,fit
NO2,7,xgboost,8,0.1333209424912854,0.1130260605057874,1.0709940791776618,0.4937903708399221,8,123,0.8477742385685235,0.020294881985498003,fit
NO2,8,pls,8,0.2407391078243416,0.1206099138115437,0.8737093984402907,1.3254657195294015,8,144,0.5009984248157482,0.1201291940127979,fit
NO2,8,random_forest,8,0.1954197837583011,0.1412224213708366,0.9053120531728068,0.8933908866706166,8,144,0.7226618444399835,0.054197362387464504,fit
NO2,8,xgboost,8,0.1924323096621681,0.130101588301325,0.997467485273226,0.9918739582798992,8,144,0.6760901458270174,0.06233072136084308,fit
NO2,9,pls,8,0.1326317536492991,0.1320868459402835,1.1382325257254684,1.0566873041968765,8,176,0.9958915742722031,0.0005449077090156074,fit
NO2,9,random_forest,8,0.1718266167249796,0.1342027470901511,0.9969517172182284,1.4055495834444058,8,176,0.7810358467626228,0.0376238696348285,fit
NO2,9,xgboost,8,0.172052570540527,0.1327640662620393,1.0261884822271918,1.327193881235877,8,176,0.7716482575351392,0.03928850427848771,fit
NO2,10,pls,8,0.0937224626065149,0.1003451856355696,0.8325171252474519,-0.0233287781166674,8,138,1.0706631350144904,-0.0066227230290547,held
NO2,10,random_forest,8,0.1856688312052988,0.1067364789293358,0.9094395724392672,1.485874426925463,8,138,0.5748755902454867,0.07893235227596301,held
NO2,10,xgboost,8,0.1992833634394797,0.1164580093599542,0.8460925872082814,1.5944985318004938,8,138,0.5843840015040759,0.08282535407952549,held
NO2,11,pls,8,0.12472404831591,0.1298628282008682,1.0318440198943577,0.2076991088669954,8,182,1.0412011953937088,-0.0051387798849582,held
NO2,11,random_forest,8,0.257063968293055,0.1383786362047343,0.9639127798844774,1.6610583636266938,8,182,0.5383042871530775,0.11868533208832069,held
NO2,11,xgboost,8,0.2591877447290878,0.1300601918594164,0.917034328953076,1.7846198471560286,8,182,0.5017991571914787,0.1291275528696714,held
NO2,12,pls,8,0.1783628379858273,0.1363165435665206,1.1444394188654126,0.7252354893926303,8,144,0.7642653879355311,0.04204629441930671,held
NO2,12,random_forest,8,0.3532057076496466,0.1601124361112037,0.879173304580936,2.8282839486779747,8,144,0.45331214259431835,0.19309327153844288,held
NO2,12,xgboost,8,0.3475386021906975,0.1469851202770642,1.0149190164658857,2.9889133606938265,8,144,0.42293178182379915,0.20055348191363329,held
NO2,13,pls,8,0.1441185089478762,0.1290469178358356,1.1257176577463397,0.6248607030180585,8,194,0.8954222381145257,0.015071591112040594,held
NO2,13,random_forest,8,0.2511566141493447,0.1451098737171954,1.1227790725347333,2.1089044710585267,8,194,0.5777664833103261,0.10604674043214932,held
NO2,13,xgboost,8,0.2589187062140269,0.1500830556927386,1.236468291457198,2.266359570524259,8,194,0.57965319650824,0.1088356505212883,held
NOx,4,pls,8,0.0957299318508368,0.1175603262423912,0.8402223559383829,1.0521778945227964,8,197,1.2280414700970412,-0.021830394391554403,fit
NOx,4,random_forest,8,0.0902620850209509,0.1123738857165291,0.7618311769589651,0.8172708345145173,8,197,1.2449732984834752,-0.022111800695578207,fit
NOx,4,xgboost,8,0.090485713534672,0.1171759202060673,0.7499376396161815,0.7796096426674541,8,197,1.2949659745034585,-0.02669020667139531,fit
NOx,5,pls,8,0.099780434341423,0.137278752705547,0.7354887558003534,1.3664056896482413,8,198,1.3758083296752788,-0.03749831836412401,fit
NOx,5,random_forest,8,0.0919113527270852,0.1134926690797558,0.7865041844360302,1.064968355379982,8,198,1.2348057743938616,-0.021581316352670604,fit
NOx,5,xgboost,8,0.0963315106573193,0.1160920774830238,0.7654384379988546,0.9581385676245124,8,198,1.2051308724514753,-0.019760566825704498,fit
NOx,6,pls,8,0.1016509067851692,0.1058825330372324,0.7602499328105099,0.6932145680510603,8,107,1.0416290064288987,-0.004231626252063192,fit
NOx,6,random_forest,8,0.0976632736567326,0.098183456958941,0.8674982935791689,0.2327012039569214,8,107,1.005326293935597,-0.0005201833022084046,fit
NOx,6,xgboost,8,0.0989270602247858,0.108096583906155,0.7412048901431,0.4125954508491801,8,107,1.0926897419223198,-0.009169523681369196,fit
NOx,7,pls,8,0.321197698232573,0.1250728917534354,1.0044438282605797,3.374195213037635,8,107,0.3893953550777707,0.1961248064791376,fit
NOx,7,random_forest,8,0.2928973370025678,0.1239792747312752,1.0246893248509004,3.1634399304849072,8,107,0.42328576968314424,0.16891806227129263,fit
NOx,7,xgboost,8,0.2960575982009445,0.1304146060192529,0.8750598133164028,3.3114593618379926,8,107,0.44050416814749677,0.16564299218169162,fit
NOx,8,pls,8,0.3499082047556124,0.145930025838346,0.9455265305584544,3.5352792033056413,8,105,0.4170523121636099,0.2039781789172664,fit
NOx,8,random_forest,8,0.3212485860048769,0.139271513563378,1.002068742770618,3.3838476503737858,8,105,0.4335319115187132,0.18197707244149888,fit
NOx,8,xgboost,8,0.331020801748334,0.1425431549949556,0.9461557084146232,3.312108661420406,8,105,0.43061691060529556,0.1884776467533784,fit
NOx,9,pls,8,0.4198521114588329,0.1610880147662028,0.8128695921985899,5.812197537354154,8,125,0.38367799129669905,0.2587640966926301,fit
NOx,9,random_forest,8,0.3948734600821519,0.1721848394475212,0.7340580883931415,6.4281488235319095,8,125,0.43605067661852687,0.2226886206346307,fit
NOx,9,xgboost,8,0.3949161559939855,0.1584516816933278,0.825358807385135,6.279612065223182,8,125,0.4012286640806384,0.2364644743006577,fit
NOx,10,pls,8,0.4585298388959065,0.164974763864389,1.251910601324878,6.128837621471651,8,110,0.3597906828956466,0.29355507503151745,held
NOx,10,random_forest,8,0.4230235481031335,0.1409388917173871,0.7850390082852888,5.882140816226472,8,110,0.3331703219581197,0.28208465638574637,held
NOx,10,xgboost,8,0.4262639961364408,0.1762587632817312,0.6917099203119212,5.714120281730325,8,110,0.41349671771320184,0.25000523285470955,held
NOx,11,pls,8,0.3946415121166926,0.1128334333724659,0.964635378305998,4.390906134754215,8,142,0.2859137468009242,0.28180807874422675,held
NOx,11,random_forest,8,0.3584895278671328,0.1054229522632475,1.041284346758384,4.3435858380754855,8,142,0.2940754026776494,0.2530665756038853,held
NOx,11,xgboost,8,0.3562231676292494,0.1164974654562739,1.0564965998865192,3.906528841478605,8,142,0.3270350612836118,0.23972570217297548,held
NOx,12,pls,8,0.4148734594331006,0.1715129196325049,0.6860521764627285,5.073474379561807,8,159,0.41341019950243835,0.24336053980059572,held
NOx,12,random_forest,8,0.3796635416854557,0.202892124307333,0.5917594079659001,5.26999981792618,8,159,0.5343998093855044,0.17677141737812269,held
NOx,12,xgboost,8,0.3870422533581194,0.1918811175135847,0.6489552066333496,4.949204264980302,8,159,0.4957627128530653,0.19516113584453473,held
NOx,13,pls,8,0.35562241604763,0.1328420069235367,0.7569218050842128,5.087009249003344,8,174,0.373547900607437,0.2227804091240933,held
NOx,13,random_forest,8,0.3219926180879939,0.112791409756282,0.8072851296684399,5.29889551005914,8,174,0.35029191174022023,0.2092012083317119,held
NOx,13,xgboost,8,0.3319397410356828,0.1264917688479069,0.7757635094200932,5.278665549140503,8,174,0.3810684687926816,0.2054479721877759,held
CO,4,pls,10,0.0583823520264781,0.0578868885743996,0.9526238266635983,0.1648763930291024,10,201,0.9915134722243839,0.0004954634520785012,fit
CO,4,random_forest,10,0.0546879344259304,0.0535523864346636,1.0511684219380697,0.0202360113732052,10,201,0.9792358588199231,0.0011355479912668054,fit
CO,4,xgboost,10,0.0568490606368537,0.0554028985374158,1.0528833846952383,0.2695410834529972,10,201,0.9745613721099835,0.0014461620994379032,fit
CO,5,pls,10,0.0822174721446088,0.1000972401168485,0.8046631236704335,0.2100169380268791,10,139,1.2174692009600068,-0.017879767972239696,fit
CO,5,random_forest,10,0.0733907988273597,0.0783542844911326,0.8767013670771705,-0.09926792407425,10,139,1.0676308984651974,-0.004963485663772901,fit
CO,5,xgboost,10,0.0690107902755066,0.0800404689155106,0.8389550220579289,-0.0785180005196472,10,139,1.1598254214445456,-0.011029678640003995,fit
CO,6,pls,10,0.0615553715562399,0.0648486681344791,1.1065798065736585,0.3380948355199334,10,134,1.053501367873806,-0.0032932965782392076,fit
CO,6,random_forest,10,0.0476180777189675,0.0478745289687954,1.0798472016191891,-0.2488122133439887,10,134,1.0053855859394707,-0.00025645124982789924,fit
CO,6,xgboost,10,0.0528854217363982,0.054978638268167,1.0935373375074453,-0.2279880645318784,10,134,1.039580218197034,-0.0020932165317687976,fit
CO,7,pls,10,0.0857710136267991,0.0814389897524972,0.8834492398192344,0.7245789343337982,10,139,0.9494931481962997,0.004332023874301899,fit
CO,7,random_forest,10,0.0593806397269783,0.0770915152822558,0.8742759335588539,-0.0341635254440841,10,139,1.2982601002062115,-0.0177108755552775,fit
CO,7,xgboost,10,0.0697857724722782,0.0888444752066828,0.8548385270251168,0.260223363903093,10,139,1.2731029844511002,-0.019058702734404603,fit
CO,8,pls,10,0.0588818442499116,0.0520904559006271,0.9351874833494184,-0.0900942903376656,10,141,0.8846607398970067,0.0067913883492844995,fit
CO,8,random_forest,10,0.048617904578622,0.0535873214674171,0.9138294643532556,-0.3105359490494859,10,141,1.1022137200660067,-0.004969416888795097,fit
CO,8,xgboost,10,0.0533142158383381,0.0578786571107682,0.9066794647617554,-0.2757853802597662,10,141,1.0856139624424115,-0.004564441272430102,fit
CO,9,pls,10,0.1327562316483089,0.0904129184043984,0.9954252873459092,2.2674867279492426,10,202,0.6810446280511767,0.04234331324391051,fit
CO,9,random_forest,10,0.0912422264134439,0.0782248801100579,0.9884829376206096,0.7191490802382213,10,202,0.8573319962141127,0.013017346303385996,fit
CO,9,xgboost,10,0.0963448326513352,0.0793588912594466,1.014082077812354,0.9334532577284766,10,202,0.8236963942491918,0.016985941391888595,fit
CO,10,pls,10,0.1756550953007581,0.1085606957908772,1.3505753438584425,3.2392304164484087,10,146,0.6180332862249096,0.0670943995098809,held
CO,10,random_forest,10,0.1300943282644379,0.0962897024954314,1.1954332310537428,1.5387168684452854,10,146,0.7401529627003177,0.0338046257690065,held
CO,10,xgboost,10,0.1293286642113204,0.100974842461989,1.2534297669206214,1.5216446428862558,10,146,0.780761504634411,0.02835382174933139,held
CO,11,pls,10,0.1442547854127872,0.1092862428088224,0.8969309001857634,1.613771598926103,10,189,0.75759180186708,0.034968542603964786,held
CO,11,random_forest,10,0.099977689158321,0.1078070218156397,0.870070012853788,0.335468014727595,10,189,1.078310798371429,-0.007829332657318694,held
CO,11,xgboost,10,0.1093478810070328,0.1108258023663227,0.8949946447108992,0.7235022153123589,10,189,1.0135157750262653,-0.0014779213592898965,held
CO,12,pls,10,0.1644128654450597,0.0962785325261334,0.7818932507084244,1.5842639370768554,10,189,0.5855900161189387,0.0681343329189263,held
CO,12,random_forest,10,0.0943580757821741,0.0799270710781916,0.8647376355555783,0.2415605745958831,10,189,0.8470612654575902,0.014431004703982508,held
CO,12,xgboost,10,0.0928600412502785,0.0759011562835983,0.8522715569223223,0.5265424697982048,10,189,0.8173715546714843,0.0169588849666802,held
CO,13,pls,10,0.1174648205383987,0.1036513871960942,0.9085485521466964,1.72608596268401,10,209,0.8824036568651722,0.013813433342304504,held
CO,13,random_forest,10,0.0786730254450533,0.0840506645081519,0.9005303807969477,0.4725050788175239,10,209,1.0683542933893455,-0.005377639063098613,held
CO,13,xgboost,10,0.0867562096347296,0.0862944851145507,0.9196671974139164,0.986604147641863,10,209,0.9946779081045276,0.00046172452017889665,held
NO2,4,pls,10,0.1409191149857765,0.1095814556690086,0.8146864315199912,0.8883865497176343,10,191,0.7776195279119449,0.031337659316767894,fit
NO2,4,random_forest,10,0.1131850482044795,0.0937295657565652,0.9157038435334588,0.3660264172963601,10,191,0.8281090766267455,0.0194554824479143,fit
NO2,4,xgboost,10,0.112484996891412,0.0937949087630048,0.8895699181329192,0.424007280053918,10,191,0.8338437245417735,0.01869008812840721,fit
NO2,5,pls,10,0.1359637437079492,0.1118904870446356,1.037220929827475,0.5083715851412527,10,195,0.8229435582840152,0.0240732566633136,fit
NO2,5,random_forest,10,0.1221020467552883,0.1050047274036474,0.9536838297918238,0.5012842836073601,10,195,0.8599751617111987,0.017097319351640897,fit
NO2,5,xgboost,10,0.1254668536207586,0.1077213690605796,1.074639051354271,0.3259437711352564,10,195,0.8585643614383026,0.017745484560179006,fit
NO2,6,pls,10,0.1456270991908023,0.14834085154571,2.3299815001024617,2.074852166305712,10,107,1.0186349406805948,-0.0027137523549077003,fit
NO2,6,random_forest,10,0.1291608251874875,0.1402600930348216,2.08445760781103,2.2166386815172663,10,107,1.0859337018884991,-0.011099267847334088,fit
NO2,6,xgboost,10,0.1378199612598547,0.1509589322871521,2.4885475965382047,2.366136759898915,10,107,1.0953343108443074,-0.013138971027297386,fit
NO2,7,pls,10,0.1175726576344987,0.1065236041641537,1.0843200325241018,0.3155367305390005,10,123,0.906023613885692,0.011049053470345002,fit
NO2,7,random_forest,10,0.1318241008732545,0.1216223549013076,1.2240175792209085,0.1934551702287265,10,123,0.9226109193662878,0.010201745971946896,fit
NO2,7,xgboost,10,0.1333209424912854,0.1131795037865877,1.0860520101637108,0.3426577709809585,10,123,0.8489251701321099,0.0201414387046977,fit
NO2,8,pls,10,0.2407391078243416,0.1169822595576825,0.9524924118672684,1.426597624521481,10,144,0.4859296049358134,0.1237568482666591,fit
NO2,8,random_forest,10,0.1954197837583011,0.1354087381909408,1.03717019374478,1.0763566339039474,10,144,0.6929121278652979,0.06001104556736031,fit
NO2,8,xgboost,10,0.1924323096621681,0.1283112465973405,1.03054540953843,0.9652187754130936,10,144,0.6667863978902618,0.0641210630648276,fit
NO2,9,pls,10,0.1326317536492991,0.1347747701688564,1.2119732144275146,0.999630956360546,10,176,1.016157642951957,-0.0021430165195572837,fit
NO2,9,random_forest,10,0.1718266167249796,0.1360889683318025,1.132638406383146,1.3541705548169582,10,176,0.7920133150827402,0.035737648393177085,fit
NO2,9,xgboost,10,0.172052570540527,0.1345226513400813,1.1100927149581925,1.2068841567196196,10,176,0.7818694653468979,0.03752991920044571,fit
NO2,10,pls,10,0.0937224626065149,0.097183414615118,0.8522169406213236,-0.0963842013785643,10,138,1.0369276682702373,-0.0034609520086030937,held
NO2,10,random_forest,10,0.1856688312052988,0.1057010626207339,0.9510914333809356,1.281005834698234,10,138,0.5692989067392658,0.07996776858456492,held
NO2,10,xgboost,10,0.1992833634394797,0.1113459175950421,0.9969189355932598,1.367002177327863,10,138,0.5587316255270687,0.08793744584443759,held
NO2,11,pls,10,0.12472404831591,0.1333130711682134,1.0597756298102663,0.2025326739342811,10,182,1.0688642083726188,-0.008589022852303396,held
NO2,11,random_forest,10,0.257063968293055,0.1424550010570036,1.0422945309053793,1.5171074333308363,10,182,0.5541616820238445,0.1146089672360514,held
NO2,11,xgboost,10,0.2591877447290878,0.1354388573170644,1.0506056708494105,1.604628260796661,10,182,0.522551162512062,0.12374888741202339,held
NO2,12,pls,10,0.1783628379858273,0.1367014308503473,1.3367677352045926,0.7549393411108053,10,144,0.7664232773713188,0.04166140713548,held
NO2,12,random_forest,10,0.3532057076496466,0.1501582437024761,0.9874898528621864,2.8041567497959434,10,144,0.42512972030288293,0.2030474639471705,held
NO2,12,xgboost,10,0.3475386021906975,0.1414102994324117,1.0758443318158843,2.973969759477634,10,144,0.4068909138180243,0.20612830275828578,held
NO2,13,pls,10,0.1441185089478762,0.1283496289793824,1.1306611406004776,0.4991193387461609,10,194,0.8905839362090752,0.0157688799684938,held
NO2,13,random_forest,10,0.2511566141493447,0.1475473947373489,1.158721616140001,2.173115302204411,10,194,0.5874716667808443,0.1036092194119958,held
NO2,13,xgboost,10,0.2589187062140269,0.152056066268358,1.2564310606350302,2.249908316903585,10,194,0.5872733897513982,0.10686263994566891,held
NOx,4,pls,10,0.0957299318508368,0.103201293078689,0.8756116156372302,0.8545539416404034,10,197,1.0780462399105626,-0.007471361227852205,fit
NOx,4,random_forest,10,0.0902620850209509,0.1037563060226428,0.7927374399886005,0.7744170220455753,10,197,1.1495004352997134,-0.013494221001691897,fit
NOx,4,xgboost,10,0.090485713534672,0.1087304215209661,0.7720489050629519,0.6732145391632576,10,197,1.2016308130156166,-0.0182447079862941,fit
NOx,5,pls,10,0.099780434341423,0.1224732251076909,0.7595465021997229,1.1388959814930488,10,198,1.227427259823494,-0.0226927907662679,fit
NOx,5,random_forest,10,0.0919113527270852,0.1091678948086081,0.7940900541193031,0.8623768197957106,10,198,1.1877520194133493,-0.0172565420815229,fit
NOx,5,xgboost,10,0.0963315106573193,0.1151033072574567,0.7713367351872112,0.7550220712163495,10,198,1.1948666274622686,-0.01877179660013739,fit
NOx,6,pls,10,0.1016509067851692,0.105903569993732,0.7706411575900391,0.5150307868405698,10,107,1.0418359593933624,-0.004252663208562796,fit
NOx,6,random_forest,10,0.0976632736567326,0.0974278038192116,0.8628086158927186,0.1280724564713651,10,107,0.9975889622710311,0.00023546983752099904,fit
NOx,6,xgboost,10,0.0989270602247858,0.1068856804558616,0.7355893498554789,0.3047046909094477,10,107,1.0804493756611377,-0.007958620231075797,fit
NOx,7,pls,10,0.321197698232573,0.1238541553141081,1.0630384362507397,3.432132117833411,10,107,0.385601005223978,0.1973435429184649,fit
NOx,7,random_forest,10,0.2928973370025678,0.1224237233627369,1.0311703405046204,3.13276236180167,10,107,0.4179748597771089,0.17047361363983093,fit
NOx,7,xgboost,10,0.2960575982009445,0.1302444233476677,0.8771614536134408,3.207109836968541,10,107,0.4399293385446784,0.16581317485327682,fit
NOx,8,pls,10,0.3499082047556124,0.1455238103598089,1.2075668363583536,3.691583063292212,10,105,0.4158913920336552,0.2043843943958035,fit
NOx,8,random_forest,10,0.3212485860048769,0.1397734485111637,1.1865558987586633,3.4860539722884702,10,105,0.43509436181313427,0.1814751374937132,fit
NOx,8,xgboost,10,0.331020801748334,0.1428995150922618,1.1622426519348994,3.412234342263097,10,105,0.431693459557579,0.1881212866560722,fit
NOx,9,pls,10,0.4198521114588329,0.1588374531393632,0.8358809795328092,5.569667584860115,10,125,0.3783176237639035,0.2610146583194697,fit
NOx,9,random_forest,10,0.3948734600821519,0.1661409981040454,0.7409980010460281,6.092337603832376,10,125,0.42074490919060603,0.2287324619781065,fit
NOx,9,xgboost,10,0.3949161559939855,0.1510981041969447,0.8589498026824455,5.927456609348813,10,125,0.3826080597200128,0.2438180517970408,fit
NOx,10,pls,10,0.4585298388959065,0.1683847783732633,1.3598748877271003,5.982172944140382,10,110,0.3672275260836172,0.2901450605226432,held
NOx,10,random_forest,10,0.4230235481031335,0.1414404605178932,0.7891781504223768,5.751935775926739,10,110,0.3343559977975739,0.2815830875852403,held
NOx,10,xgboost,10,0.4262639961364408,0.1742964918299042,0.7034004456831462,5.60148239769229,10,110,0.40889329948034003,0.2519675043065366,held
NOx,11,pls,10,0.3946415121166926,0.1118371711781774,0.9979838392164604,4.239882662937569,10,142,0.2833892729082894,0.28280434093851525,held
NOx,11,random_forest,10,0.3584895278671328,0.106358502576093,1.0541702420141708,4.205569997540316,10,142,0.29668510321314806,0.2521310252910398,held
NOx,11,xgboost,10,0.3562231676292494,0.1176721109476643,1.0946021668965482,3.880970649113536,10,142,0.33033256014986456,0.23855105668158508,held
NOx,12,pls,10,0.4148734594331006,0.1530630621769279,0.8402170977134382,4.726754981466097,10,159,0.36893915167790986,0.2618103972561727,held
NOx,12,random_forest,10,0.3796635416854557,0.1663358256278878,0.7819400688250924,4.866957077383551,10,159,0.43811377012779906,0.2133277160575679,held
NOx,12,xgboost,10,0.3870422533581194,0.1715323607110243,0.913671909000344,4.611090572585568,10,159,0.4431876861576407,0.21550989264709514,held
NOx,13,pls,10,0.35562241604763,0.1242791533272636,0.791776258887415,4.972577051339455,10,174,0.3494694027122811,0.23134326272036643,held
NOx,13,random_forest,10,0.3219926180879939,0.1098371995184179,0.842402311560586,5.206627716003783,10,174,0.34111713545060734,0.21215541856957598,held
NOx,13,xgboost,10,0.3319397410356828,0.1202597927812149,0.8428484783443578,5.28070639494044,10,174,0.36229404893187295,0.2116799482544679,held
CO,4,pls,20,0.0583823520264781,0.0602670489582021,1.027306748559609,0.137922667750259,20,201,1.0322819630642703,-0.0018846969317239948,fit
CO,4,random_forest,20,0.0546879344259304,0.0546804902166664,1.074190813453822,0.1370667354817209,20,201,0.9998638783976366,7.444209264004242e-06,fit
CO,4,xgboost,20,0.0568490606368537,0.0581687131451053,1.0629112641697014,0.3085637777357136,20,201,1.0232132684949962,-0.001319652508251598,fit
CO,5,pls,20,0.0822174721446088,0.0832172309567707,0.9855211377658954,0.0319290604807303,20,139,1.0121599312905591,-0.0009997588121618967,fit
CO,5,random_forest,20,0.0733907988273597,0.0711067619828841,1.004007806252741,-0.1790580923836566,20,139,0.9688784305257606,0.0022840368444756037,fit
CO,5,xgboost,20,0.0690107902755066,0.0667090176097593,0.9934796218244718,-0.1631433686652605,20,139,0.9666461917540994,0.002301772665747312,fit
CO,6,pls,20,0.0615553715562399,0.0622015434117364,1.0745901885491544,0.4093454253995537,20,134,1.0104974080922593,-0.000646171855496501,fit
CO,6,random_forest,20,0.0476180777189675,0.0473345133393288,1.0342006828343673,-0.4124096746693975,20,134,0.9940450267372775,0.0002835643796386955,fit
CO,6,xgboost,20,0.0528854217363982,0.0532044944634313,1.047627970731869,-0.4221752891817473,20,134,1.0060332832103236,-0.000319072727033097,fit
CO,7,pls,20,0.0857710136267991,0.096465306454654,0.8044047391257596,0.5991438025005802,20,139,1.1246842304369533,-0.01069429282785489,fit
CO,7,random_forest,20,0.0593806397269783,0.0971012497843403,0.7840734459310622,0.0992145003486898,20,139,1.6352341475402539,-0.037720610057362,fit
CO,7,xgboost,20,0.0697857724722782,0.1059018446836969,0.7705051036578426,0.3290241732787121,20,139,1.517527727098894,-0.0361160722114187,fit
CO,8,pls,20,0.0588818442499116,0.0525127836715165,0.925994725280802,0.1089849222506147,20,141,0.8918332015661234,0.0063690605783950985,fit
CO,8,random_forest,20,0.048617904578622,0.0526501423370013,0.9037253671401844,-0.2111045824498562,20,141,1.082937300431338,-0.004032237758379298,fit
CO,8,xgboost,20,0.0533142158383381,0.0582758777575613,0.8896578655931779,-0.122632919950512,20,141,1.0930645202448104,-0.004961661919223204,fit
CO,9,pls,20,0.1327562316483089,0.0907330475998724,0.9305243662924252,1.4826364926431503,20,202,0.6834560342164412,0.04202318404843651,fit
CO,9,random_forest,20,0.0912422264134439,0.0786974134548141,0.9569489414971856,0.3428707441094014,20,202,0.8625108850173628,0.012544812958629803,fit
CO,9,xgboost,20,0.0963448326513352,0.0797114025347216,0.9644124987079934,0.4948272632476165,20,202,0.8273552440865329,0.0166334301166136,fit
CO,10,pls,20,0.1756550953007581,0.1035573196164074,1.25716360048024,2.532154628477388,20,146,0.5895491926328451,0.07209777568435069,held
CO,10,random_forest,20,0.1300943282644379,0.0944892707034194,1.1674740584075936,0.8612013410181042,20,146,0.7263135292981765,0.03560505756101849,held
CO,10,xgboost,20,0.1293286642113204,0.0974807673370987,1.1696315631578542,0.915052017697174,20,146,0.7537444845004904,0.03184789687422168,held
CO,11,pls,20,0.1442547854127872,0.103641374773612,1.0275479205130522,1.2654007022805809,20,189,0.7184605659842804,0.04061341063917519,held
CO,11,random_forest,20,0.099977689158321,0.0976086208651943,1.0150641338842272,0.3754402234074984,20,189,0.9763040302984485,0.0023690682931267054,held
CO,11,xgboost,20,0.1093478810070328,0.1031249438034262,0.9898176330256614,0.6293776893324712,20,189,0.9430904636990051,0.006222937203606602,held
CO,12,pls,20,0.1644128654450597,0.0876585792853698,0.8985481509391967,1.833428788264333,20,189,0.5331613134293426,0.0767542861596899,held
CO,12,random_forest,20,0.0943580757821741,0.0815349258374026,0.8800371493573043,0.44514568959747,20,189,0.8641011928393518,0.012823149944771503,held
CO,12,xgboost,20,0.0928600412502785,0.0788508559226291,0.8683093394782939,0.6564609654934453,20,189,0.8491365592882785,0.014009185327649401,held
CO,13,pls,20,0.1174648205383987,0.0917739554258337,0.9634673012947496,1.4182917459769109,20,209,0.7812888574229186,0.025690865112564992,held
CO,13,random_forest,20,0.0786730254450533,0.0812236325248731,0.8963825696637079,0.4634944779455486,20,209,1.0324203507541627,-0.0025506070798198,held
CO,13,xgboost,20,0.0867562096347296,0.0796206843531551,0.9360991804029428,0.8574187541985315,20,209,0.9177519936426768,0.0071355252815745035,held
NO2,4,pls,20,0.1409191149857765,0.1122003352733578,0.8010345331913887,0.7168536098076563,20,191,0.7962038030446232,0.028718779712418693,fit
NO2,4,random_forest,20,0.1131850482044795,0.0951109058896826,0.901787692995852,0.3119978213454278,20,191,0.8403133399550774,0.018074142314796898,fit
NO2,4,xgboost,20,0.112484996891412,0.0984617963199422,0.8594580490312337,0.4069460160898345,20,191,0.8753327025024753,0.014023200571469802,fit
NO2,5,pls,20,0.1359637437079492,0.1117764913616073,0.9678736638883368,0.18031895306128,20,195,0.8221051312157436,0.024187252346341892,fit
NO2,5,random_forest,20,0.1221020467552883,0.1071212011313092,0.8663447388942868,0.2636367841623276,20,195,0.8773088083117635,0.014980845623979097,fit
NO2,5,xgboost,20,0.1254668536207586,0.1077285673530363,0.9378573126076184,0.1964195955022089,20,195,0.8586217335031069,0.017738286267722295,fit
NO2,6,pls,20,0.1456270991908023,0.1287813304363259,1.391845613943125,1.2145016085703646,20,107,0.8843225687520914,0.01684576875447641,fit
NO2,6,random_forest,20,0.1291608251874875,0.1172072506248025,1.2257161617834444,1.2004864212803978,20,107,0.9074520115109715,0.011953574562685004,fit
NO2,6,xgboost,20,0.1378199612598547,0.1277981651460571,1.3565818395184657,1.300243909591736,20,107,0.9272834209051775,0.01002179611379761,fit
NO2,7,pls,20,0.1175726576344987,0.1036595656068669,1.023342293034852,0.1691731941851035,20,123,0.8816638808073574,0.013913092027631802,fit
NO2,7,random_forest,20,0.1318241008732545,0.1169436574247909,1.153125434726469,0.1628371719826626,20,123,0.8871189460053989,0.014880443448463593,fit
NO2,7,xgboost,20,0.1333209424912854,0.1127034283653502,1.0532994735188803,0.2346443242320643,20,123,0.8453542726246263,0.020617514125935196,fit
NO2,8,pls,20,0.2407391078243416,0.121452684979213,0.941496724599091,0.7768601634143554,20,144,0.5044991903344284,0.11928642284512861,fit
NO2,8,random_forest,20,0.1954197837583011,0.141622876839553,0.8981010152133291,0.5307462795316014,20,144,0.7247110508254111,0.05379690691874811,fit
NO2,8,xgboost,20,0.1924323096621681,0.1350114839564117,0.92424551278869,0.4516827981091585,20,144,0.7016050693017003,0.057420825705756406,fit
NO2,9,pls,20,0.1326317536492991,0.1329551509777829,1.1861447262181577,0.6793849166291436,20,176,1.0024383099792145,-0.00032339732848379876,fit
NO2,9,random_forest,20,0.1718266167249796,0.1352527526076954,1.0992173593434278,1.3205052949577094,20,176,0.7871466899926034,0.036573864117284194,fit
NO2,9,xgboost,20,0.172052570540527,0.1336585622178666,1.0931099533070774,1.277468290430469,20,176,0.7768472263910948,0.038394008322660406,fit
NO2,10,pls,20,0.0937224626065149,0.0954727500011365,0.8676402791903506,-0.2445953510929,20,138,1.0186752177220313,-0.0017502873946216024,held
NO2,10,random_forest,20,0.1856688312052988,0.105248763934825,0.950119915104506,1.082440831712436,20,138,0.566862856040973,0.08042006727047381,held
NO2,10,xgboost,20,0.1992833634394797,0.1114527070182538,0.934692441202794,1.154370390761687,20,138,0.5592674927533569,0.0878306564212259,held
NO2,11,pls,20,0.12472404831591,0.1247333500916434,1.0415310556242905,0.1900649745956,20,182,1.0000745788471348,-9.30177573339741e-06,held
NO2,11,random_forest,20,0.257063968293055,0.1339026335515194,1.020620488984035,1.537877166001196,20,182,0.520892268335597,0.1231613347415356,held
NO2,11,xgboost,20,0.2591877447290878,0.1272682572225721,1.0388509150787957,1.5329443569894892,20,182,0.491027295119981,0.1319194875065157,held
NO2,12,pls,20,0.1783628379858273,0.1247243279637367,1.0991882115978973,0.4549220453195309,20,144,0.6992730625515573,0.05363851002209061,held
NO2,12,random_forest,20,0.3532057076496466,0.1410651026062648,0.9638735939107286,2.0619617951415443,20,144,0.39938511623994116,0.2121406050433818,held
NO2,12,xgboost,20,0.3475386021906975,0.1416658590186626,0.9296232770742496,2.124113487905582,20,144,0.407626255402067,0.20587274317203488,held
NO2,13,pls,20,0.1441185089478762,0.1259144810982669,0.9837113076178576,0.2935179028750457,20,194,0.8736870927786713,0.01820402784960931,held
NO2,13,random_forest,20,0.2511566141493447,0.1451846118800237,0.9942079954505534,1.7419702253551002,20,194,0.5780640592395186,0.10597200226932099,held
NO2,13,xgboost,20,0.2589187062140269,0.1491883623211711,1.0712633538590115,1.8561854070795016,20,194,0.5761976973492572,0.1097303438928558,held
NOx,4,pls,20,0.0957299318508368,0.0973303126282922,0.877807255386411,0.8282219472442381,20,197,1.0167176633944446,-0.001600380777455404,fit
NOx,4,random_forest,20,0.0902620850209509,0.1036815110314328,0.792160204193574,0.7162085986434022,20,197,1.1486717928947365,-0.013419426010481905,fit
NOx,4,xgboost,20,0.090485713534672,0.1088473123368767,0.7713624319325892,0.794366380505911,20,197,1.20292262816902,-0.0183615988022047,fit
NOx,5,pls,20,0.099780434341423,0.0954206445593665,0.9994717344330444,0.9600967705112652,20,198,0.9563061655240102,0.004359789782056506,fit
NOx,5,random_forest,20,0.0919113527270852,0.0906434254864688,1.0504901756331984,1.1581276447757605,20,198,0.9862048897878667,0.0012679272406164038,fit
NOx,5,xgboost,20,0.0963315106573193,0.0975780633408348,1.0932316249229952,1.18534007346506,20,198,1.0129402380904196,-0.0012465526835154922,fit
NOx,6,pls,20,0.1016509067851692,0.1020689535463315,0.8465429743550759,0.4988587059434576,20,107,1.0041125728671147,-0.0004180467611622912,fit
NOx,6,random_forest,20,0.0976632736567326,0.0975563091707412,0.931612238670066,0.4490672397008335,20,107,0.9989047624353926,0.00010696448599138708,fit
NOx,6,xgboost,20,0.0989270602247858,0.1041943870549912,0.7989621679772234,0.4991920121285198,20,107,1.0532445502599268,-0.005267326830205407,fit
NOx,7,pls,20,0.321197698232573,0.1236682926244556,0.9527415586872257,3.483447792647703,20,107,0.38502235011319974,0.19752940560811738,fit
NOx,7,random_forest,20,0.2928973370025678,0.122384160782827,0.9409392753990976,3.216526294066119,20,107,0.4178397865793982,0.17051317621974083,fit
NOx,7,xgboost,20,0.2960575982009445,0.1390194371548462,0.8073965189803789,3.2986906681172368,20,107,0.4695688879448684,0.15703816104609833,fit
NOx,8,pls,20,0.3499082047556124,0.1422057899834263,1.086102157182251,3.343696900324917,20,105,0.4064088468081153,0.2077024147721861,fit
NOx,8,random_forest,20,0.3212485860048769,0.1336913813276325,1.0633900082150407,3.2965015625008918,20,105,0.41616177362910767,0.18755720467724438,fit
NOx,8,xgboost,20,0.331020801748334,0.1375149597852388,1.073592102430434,3.2811707098565672,20,105,0.4154269431375121,0.19350584196309517,fit
NOx,9,pls,20,0.4198521114588329,0.1506378184489391,0.98883044686602,4.477990274498684,20,125,0.3587878072722503,0.2692142930098938,fit
NOx,9,random_forest,20,0.3948734600821519,0.1374059014853084,1.071244498801366,4.641813082531039,20,125,0.34797451684071556,0.2574675585968435,fit
NOx,9,xgboost,20,0.3949161559939855,0.1441945259154236,1.0826902150526134,4.620937606814295,20,125,0.3651269357479,0.2507216300785619,fit
NOx,10,pls,20,0.4585298388959065,0.1559976028588349,0.9559876621595864,5.67617159989875,20,110,0.3402125437124471,0.3025322360370716,held
NOx,10,random_forest,20,0.4230235481031335,0.1302802487907992,0.8342232361966635,5.552149190553627,20,110,0.3079739872046952,0.2927432993123343,held
NOx,10,xgboost,20,0.4262639961364408,0.1790870032103395,0.6985317305794029,5.619644264221625,20,110,0.42013166683919606,0.2471769929261013,held
NOx,11,pls,20,0.3946415121166926,0.1122473151064431,1.0857621539741178,4.150148447607953,20,142,0.28442855518263976,0.28239419701024954,held
NOx,11,random_forest,20,0.3584895278671328,0.1075462625378309,1.0444069114645955,4.227370094354892,20,142,0.29999833796453557,0.2509432653293019,held
NOx,11,xgboost,20,0.3562231676292494,0.1173670758454999,1.0737980235729156,3.883785885598338,20,142,0.3294762567707371,0.2388560917837495,held
NOx,12,pls,20,0.4148734594331006,0.1497910113025183,0.8859485102044599,4.658740846699178,20,159,0.3610522869001999,0.26508244813058235,held
NOx,12,random_forest,20,0.3796635416854557,0.1645444498933957,0.7997566593649126,4.697696140700089,20,159,0.4333954457752959,0.21511909179205999,held
NOx,12,xgboost,20,0.3870422533581194,0.1724180664243406,0.8208193863436026,4.5868123728279295,20,159,0.44547608156054985,0.21462418693377883,held
NOx,13,pls,20,0.35562241604763,0.1081399966400395,1.080433351410628,4.845007553630565,20,174,0.30408655855247285,0.24748241940759053,held
NOx,13,random_forest,20,0.3219926180879939,0.1007264573737889,1.072747133571936,4.813166057889814,20,174,0.31282225652223633,0.22126616071420502,held
NOx,13,xgboost,20,0.3319397410356828,0.1101772296995157,0.9758010625463828,4.904487006915149,20,174,0.33191936993067633,0.2217625113361671,held
CO,4,pls,50,0.0583823520264781,0.0572498303540145,1.0256032488766162,-0.1656477262741467,50,201,0.9806016435934275,0.001132521672463603,fit
CO,4,random_forest,50,0.0546879344259304,0.0523151823825016,1.0075618234880832,-0.2197911731318612,50,201,0.9566128787211288,0.002372752043428801,fit
CO,4,xgboost,50,0.0568490606368537,0.0548459676571275,1.024981005736502,-0.0964485579967337,50,201,0.9647647127800094,0.002003092979726201,fit
CO,5,pls,50,0.0822174721446088,0.0814596358984695,0.9893064652035192,-0.043142460464157,50,139,0.9907825401782436,0.0007578362461393012,fit
CO,5,random_forest,50,0.0733907988273597,0.0704475761226343,0.9904536451133304,-0.2293090610940929,50,139,0.9598965707997147,0.0029432227047253984,fit
CO,5,xgboost,50,0.0690107902755066,0.0665271492029772,0.9867449102380746,-0.2008019628494417,50,139,0.9640108298627772,0.002483641072529408,fit
CO,6,pls,50,0.0615553715562399,0.0587121208899477,1.1442568206749355,0.1923500635983112,50,134,0.9538098691566751,0.0028432506662922005,fit
CO,6,random_forest,50,0.0476180777189675,0.0471259361038535,1.0601721168098364,-0.4121609128183033,50,134,0.9896648155765859,0.000492141615113996,fit
CO,6,xgboost,50,0.0528854217363982,0.0529691578248536,1.0970290125404187,-0.2788044569186681,50,134,1.0015833491670496,-8.37360884553967e-05,fit
CO,7,pls,50,0.0857710136267991,0.0739058344688179,0.919349410838888,0.3551147846410378,50,139,0.8616644638291422,0.011865179157981201,fit
CO,7,random_forest,50,0.0593806397269783,0.0688717051479641,0.8843321949899301,-0.1650200342721469,50,139,1.159834341034789,-0.009491065420985802,fit
CO,7,xgboost,50,0.0697857724722782,0.0731597186926522,0.9080294298373404,-0.020569178085145,50,139,1.0483471931433341,-0.0033739462203739995,fit
CO,8,pls,50,0.0588818442499116,0.0526811530298704,0.9237996700091438,-0.086663312490896,50,141,0.8946926459415288,0.006200691220041202,fit
CO,8,random_forest,50,0.048617904578622,0.0513841742857137,0.9100031535327324,-0.3261973903578139,50,141,1.0568981680939837,-0.0027662697070916994,fit
CO,8,xgboost,50,0.0533142158383381,0.0591831532817187,0.8818289901816773,-0.189583421703826,50,141,1.1100820363029753,-0.005868937443380601,fit
CO,9,pls,50,0.1327562316483089,0.090330149648768,0.9652003898461826,0.9548209294306323,50,202,0.6804211638672153,0.04242608199954091,fit
CO,9,random_forest,50,0.0912422264134439,0.0786394733279986,0.9942582375435352,0.1579799633540005,50,202,0.861875870626625,0.012602753085445298,fit
CO,9,xgboost,50,0.0963448326513352,0.0801755447214448,0.989381786559601,0.3005514119109251,50,202,0.8321727540032597,0.016169287929890405,fit
CO,10,pls,50,0.1756550953007581,0.0993448153536522,1.1534501542715598,1.269976278088248,50,146,0.56556751276445,0.0763102799471059,held
CO,10,random_forest,50,0.1300943282644379,0.0962311096769682,1.179228947299437,0.1846759379091093,50,146,0.7397025755139979,0.0338632185874697,held
CO,10,xgboost,50,0.1293286642113204,0.0980932141977731,1.1435192728135426,0.1979013782017546,50,146,0.7584800693332052,0.031235450013547286,held
CO,11,pls,50,0.1442547854127872,0.103023629801167,1.0440769608583027,1.3230042304105416,50,189,0.7141782472336247,0.04123115561162019,held
CO,11,random_forest,50,0.099977689158321,0.0973198973728719,1.0297896472177093,0.3023535929653395,50,189,0.973416151065061,0.0026577917854491012,held
CO,11,xgboost,50,0.1093478810070328,0.1028487007782828,1.0176510341489329,0.5035875130535257,50,189,0.9405641868054855,0.006499180228749998,held
CO,12,pls,50,0.1644128654450597,0.0841123508082348,1.0350709705159116,1.7232461561067007,50,189,0.511592268528048,0.0803005146368249,held
CO,12,random_forest,50,0.0943580757821741,0.0762633275930277,0.9673950295265092,0.3891599470624279,50,189,0.8082331794162677,0.0180947481891464,held
CO,12,xgboost,50,0.0928600412502785,0.0706634306765768,0.9721098236034194,0.500028689479501,50,189,0.760967039483895,0.022196610573701703,held
CO,13,pls,50,0.1174648205383987,0.0897382123468991,0.995357384287323,0.98815810975693,50,209,0.7639581956162279,0.027726608191499594,held
CO,13,random_forest,50,0.0786730254450533,0.0775955643514323,0.9457472802733756,0.1013038348018547,50,209,0.9863045677025157,0.0010774610936209877,held
CO,13,xgboost,50,0.0867562096347296,0.0802155004608478,0.9180276868275368,0.3843528440568192,50,209,0.9246081727011795,0.0065407091738818035,held
NO2,4,pls,50,0.1409191149857765,0.1017882985779766,0.8637164515693512,0.5781950554798115,50,191,0.72231718591371,0.039130816407799904,fit
NO2,4,random_forest,50,0.1131850482044795,0.0952831428518806,0.8949644130091099,0.2150124749753751,50,191,0.8418350688842097,0.017901905352598904,fit
NO2,4,xgboost,50,0.112484996891412,0.0936983273310476,0.8892456565094291,0.2305690038064199,50,191,0.8329851084185013,0.0187866695603644,fit
NO2,5,pls,50,0.1359637437079492,0.1120900229651226,0.9392101612927182,0.2348341475894236,50,195,0.8244111254092307,0.023873720742826593,fit
NO2,5,random_forest,50,0.1221020467552883,0.1092943557231073,0.8319161120408848,0.2862510136911032,50,195,0.8951066638723132,0.01280769103218099,fit
NO2,5,xgboost,50,0.1254668536207586,0.1101575688963433,0.8908371535950647,0.301596750734264,50,195,0.8779814406545191,0.015309284724415298,fit
NO2,6,pls,50,0.1456270991908023,0.1233375441569324,1.18917896880859,0.7537929606920647,50,107,0.8469408842329142,0.022289555033869896,fit
NO2,6,random_forest,50,0.1291608251874875,0.1144966771313765,1.1398782165159762,0.7350676425563556,50,107,0.8864659773207179,0.014664148056111007,fit
NO2,6,xgboost,50,0.1378199612598547,0.1239943118028039,1.199925163636309,0.8020757758063256,50,107,0.8996832582837327,0.01382564945705081,fit
NO2,7,pls,50,0.1175726576344987,0.1069240887511745,0.8951178314693897,0.2021113113486372,50,123,0.909429887036936,0.010648568883324203,fit
NO2,7,random_forest,50,0.1318241008732545,0.113369090450358,0.9923043194982244,0.3008507854666142,50,123,0.8600027589746998,0.01845501042289649,fit
NO2,7,xgboost,50,0.1333209424912854,0.1125377945919042,0.943685037100875,0.3832126044489595,50,123,0.8441119038688186,0.020783147899381196,fit
NO2,8,pls,50,0.2407391078243416,0.1185398601319664,0.9416695793406648,0.7517530729161874,50,144,0.49239968197631,0.1221992476923752,fit
NO2,8,random_forest,50,0.1954197837583011,0.1360110495967326,0.93156365370226,0.5075224131582388,50,144,0.6959942692647416,0.0594087341615685,fit
NO2,8,xgboost,50,0.1924323096621681,0.1299309373205096,0.9453704659703492,0.4502632329733567,50,144,0.6752033353890249,0.0625013723416585,fit
NO2,9,pls,50,0.1326317536492991,0.1325700815184918,1.0812567403411373,0.2764775441620481,50,176,0.9995350123246476,6.167213080729428e-05,fit
NO2,9,random_forest,50,0.1718266167249796,0.1346533068810138,1.0325805732688254,0.8919270475218478,50,176,0.783658023695687,0.0371733098439658,fit
NO2,9,xgboost,50,0.172052570540527,0.1340642052459018,1.0962248612995,0.8469104462417063,50,176,0.7792048954846795,0.03798836529462521,fit
NO2,10,pls,50,0.0937224626065149,0.0929039198523657,0.9613835494766654,-0.3230559918437608,50,138,0.9912663119236871,0.0008185427541492069,held
NO2,10,random_forest,50,0.1856688312052988,0.1063678641830197,1.048246114411251,0.7816439808657599,50,138,0.572890255690822,0.07930096702227911,held
NO2,10,xgboost,50,0.1992833634394797,0.1111457284390029,1.0668201911322677,0.8131960672733085,50,138,0.5577270802776104,0.08813763500047679,held
NO2,11,pls,50,0.12472404831591,0.1243004175501227,1.0230359166719885,0.129008510372388,50,182,0.99660345561656,0.00042363076578730285,held
NO2,11,random_forest,50,0.257063968293055,0.134192872952653,1.0185180045623117,1.6032494746899288,50,182,0.522021323500585,0.122871095340402,held
NO2,11,xgboost,50,0.2591877447290878,0.1283082097171118,1.06051643154904,1.5752201084258235,50,182,0.4950396472303275,0.130879535011976,held
NO2,12,pls,50,0.1783628379858273,0.1181631149919182,1.0530705758132628,0.5884289784552614,50,144,0.6624873001925852,0.060199722993909105,held
NO2,12,random_forest,50,0.3532057076496466,0.1338674870286384,0.9208078345567912,2.294393698483769,50,144,0.3790071454944461,0.2193382206210082,held
NO2,12,xgboost,50,0.3475386021906975,0.1346886189057596,0.9240434787231,2.28361521419807,50,144,0.38755009675689134,0.2128499832849379,held
NO2,13,pls,50,0.1441185089478762,0.1259450791140638,1.0206375506497256,0.1733775244797459,50,194,0.8738994042716245,0.0181734298338124,held
NO2,13,random_forest,50,0.2511566141493447,0.1438637178989186,1.0288151681195208,1.4465470774828004,50,194,0.572804814980398,0.1072928962504261,held
NO2,13,xgboost,50,0.2589187062140269,0.1465207133192482,1.060775277158294,1.528214967310279,50,194,0.5658946603808978,0.1123979928947787,held
NOx,4,pls,50,0.0957299318508368,0.0957094896900377,0.8812595217898701,0.3279012331950141,50,197,0.9997864600924302,2.044216079909178e-05,fit
NOx,4,random_forest,50,0.0902620850209509,0.0959894917437488,0.8611293578263536,0.2559364090419518,50,197,1.0634530735853098,-0.005727406722797895,fit
NOx,4,xgboost,50,0.090485713534672,0.0979161665925486,0.8574642779660446,0.2795981137948771,50,197,1.0821174168564127,-0.00743045305787661,fit
NOx,5,pls,50,0.099780434341423,0.0955136188941333,0.9836163569159008,0.6184125598446458,50,198,0.9572379547608527,0.0042668154472896985,fit
NOx,5,random_forest,50,0.0919113527270852,0.0899385272908226,0.9499337256829502,0.6442457958685639,50,198,0.978535563042788,0.001972825436262593,fit
NOx,5,xgboost,50,0.0963315106573193,0.0951695963333486,0.9529099843937168,0.6424576113315327,50,198,0.9879383774214442,0.0011619143239707114,fit
NOx,6,pls,50,0.1016509067851692,0.0988898967665264,0.9408717283315696,0.3579763080291838,50,107,0.9728383139318376,0.002761010018642804,fit
NOx,6,random_forest,50,0.0976632736567326,0.0949872919596594,0.9879268102934156,0.3056764070575282,50,107,0.9725999180973725,0.0026759816970731987,fit
NOx,6,xgboost,50,0.0989270602247858,0.0988785695080591,0.8852794892602378,0.2501556715779438,50,107,0.9995098336429231,4.849071672670402e-05,fit
NOx,7,pls,50,0.321197698232573,0.1248230751584567,1.0240593416547723,2.858039563621717,50,107,0.3886175892458443,0.1963746230741163,fit
NOx,7,random_forest,50,0.2928973370025678,0.1235172406925277,1.008915155369502,2.686606799360282,50,107,0.4217083089814669,0.1693800963100401,fit
NOx,7,xgboost,50,0.2960575982009445,0.1277952229315822,0.988298831037514,2.627064225195584,50,107,0.4316566225901865,0.16826237526936233,fit
NOx,8,pls,50,0.3499082047556124,0.1415447551469001,0.9882154427628144,2.929455904067889,50,105,0.4045196803709124,0.2083634496087123,fit
NOx,8,random_forest,50,0.3212485860048769,0.1330544013448316,0.9937355359887788,2.894066075513582,50,105,0.41417894783453363,0.18819418466004528,fit
NOx,8,xgboost,50,0.331020801748334,0.1371757115705817,0.9750656328369888,2.8717756515316317,50,105,0.4144020884671551,0.19384509017775228,fit
NOx,9,pls,50,0.4198521114588329,0.149898293670142,1.0135147337541293,4.273351788056797,50,125,0.3570264137753176,0.2699538177886909,fit
NOx,9,random_forest,50,0.3948734600821519,0.1368078753079161,1.0437201592504326,4.393089718581313,50,125,0.34646004134958513,0.2580655847742358,fit
NOx,9,xgboost,50,0.3949161559939855,0.14324832346384,1.0096258131063012,4.326775871172452,50,125,0.36273097792945613,0.25166783253014546,fit
NOx,10,pls,50,0.4585298388959065,0.1565212564754252,0.9513866228290294,4.548056671686271,50,110,0.3413545710619674,0.3020085824204813,held
NOx,10,random_forest,50,0.4230235481031335,0.1197518306777686,1.0576164398034522,4.398340616323521,50,110,0.2830854953932092,0.30327171742536485,held
NOx,10,xgboost,50,0.4262639961364408,0.1433105083976535,0.964247726554074,4.423800629689829,50,110,0.33620129707549107,0.28295348773878726,held
NOx,11,pls,50,0.3946415121166926,0.1111967297790264,0.9750803205845816,4.205609576288878,50,142,0.281766429442796,0.28344478233766623,held
NOx,11,random_forest,50,0.3584895278671328,0.110771049118135,0.910773553990954,4.297530612534809,50,142,0.30899382131795533,0.24771847874899777,held
NOx,11,xgboost,50,0.3562231676292494,0.1192654882157598,0.9182661816506232,3.98444609930707,50,142,0.33480553499509935,0.23695767941348958,held
NOx,12,pls,50,0.4148734594331006,0.1530086326742059,0.8136291866970656,4.434131688994624,50,159,0.3688079562459428,0.2618648267588947,held
NOx,12,random_forest,50,0.3796635416854557,0.1708825205008511,0.7305789348126589,4.4823171313149786,50,159,0.4500893600218905,0.2087810211846046,held
NOx,12,xgboost,50,0.3870422533581194,0.1756598689114519,0.7594772348084154,4.378315503102884,50,159,0.4538519176843432,0.21138238444666752,held
NOx,13,pls,50,0.35562241604763,0.1069566459796101,1.0339532253195076,4.0507991597046775,50,174,0.3007590105492252,0.2486657700680199,held
NOx,13,random_forest,50,0.3219926180879939,0.0998321708266623,1.0142375294282728,4.052355150269197,50,174,0.31004490543749125,0.2221604472613316,held
NOx,13,xgboost,50,0.3319397410356828,0.1106609561579268,0.9606998369094042,4.126344821241727,50,174,0.33337664183461235,0.22127878487775599,held
