gas_id,target_batch,model,budget,n_reference,n_test,residual_df,panel_targets,panel_predictions,extreme_true_gap,extreme_pred_gap,extreme_gap_ratio,panel_rank_agreement,panel_pearson_r,panel_residual_rmse,calibrator_slope,calibrator_intercept,frozen_nrmse,light_nrmse,ratio,window_set
CO,4,pls,2,2,201,0,"0.6, 4.1","0.648, 3.371",3.4999999999999996,2.723578695936806,0.7781653416962303,1.0,1.0,7.850462293418876e-17,1.285073937911728,-0.23227629029142616,0.05838235202647815,0.08865866124749211,1.5185866648072477,fit
CO,4,random_forest,2,2,201,0,"0.6, 4.1","0.738, 3.890",3.4999999999999996,3.151500000000005,0.9004285714285729,1.0,1.0,1.5700924586837752e-16,1.1105822624147215,-0.22016500079327184,0.05468793442593043,0.06143344459506657,1.1233454918337114,fit
CO,4,xgboost,2,2,201,0,"0.6, 4.1","0.636, 3.685",3.4999999999999996,3.0489339232444763,0.8711239780698505,1.0,1.0,8.881784197001252e-16,1.1479422277133269,-0.13051627284098277,0.05684906063685379,0.08025260196334814,1.4116785935302234,fit
CO,5,pls,2,2,139,0,"0.4, 3.8","0.353, 2.789",3.4,2.4362724994392466,0.7165507351291902,1.0,1.0,6.672892949406044e-16,1.3955745922439184,-0.09219882919398259,0.08221747214460884,0.14694568097103505,1.7872804543610694,fit
CO,5,random_forest,2,2,139,0,"0.4, 3.8","0.454, 3.203",3.4,2.748999999999999,0.8085294117647057,1.0,0.9999999999999998,5.026748538604307e-16,1.2368133866860676,-0.1621316842488163,0.07339079882735973,0.1104075262555809,1.5043783147162244,fit
CO,5,xgboost,2,2,139,0,"0.4, 3.8","0.536, 3.090",3.4,2.554113805294037,0.7512099427335402,1.0,1.0,7.731808680624463e-16,1.331185788570835,-0.31319353967647556,0.06901079027550669,0.11051434033538124,1.6014066770454733,fit
CO,6,pls,2,2,134,0,"0.5, 3.5","0.117, 3.464",3.0,3.3467126005277645,1.115570866842588,1.0,1.0,7.850462293418876e-17,0.8964020392808485,0.39519057752907827,0.06155537155623999,0.0641607720107493,1.0423261266830124,fit
CO,6,random_forest,2,2,134,0,"0.5, 3.5","0.451, 3.859",3.0,3.4070000000000014,1.135666666666667,1.0,1.0,6.329245045284193e-16,0.8805400645729373,0.10243616084531904,0.04761807771896755,0.04793276596170256,1.0066085877004998,fit
CO,6,xgboost,2,2,134,0,"0.5, 3.5","0.375, 3.859",3.0,3.4837470948696136,1.1612490316232045,1.0,1.0,0.0,0.8611417299545049,0.17709143291695884,0.052885421736398215,0.05375743670619218,1.0164887589275629,fit
CO,7,pls,2,2,139,0,"0.6, 6.1","0.820, 4.726",5.5,3.906228561426351,0.7102233748047911,1.0,0.9999999999999999,7.065416064076988e-16,1.4080077275334055,-0.554173470282628,0.08577101362679913,0.10367139046481327,1.2086996070245948,fit
CO,7,random_forest,2,2,139,0,"0.6, 6.1","0.886, 4.976",5.5,4.0900000000000025,0.7436363636363641,1.0,1.0,1.3710242980056706e-15,1.3447432762836173,-0.5907701711491433,0.05938063972697835,0.1008559679859863,1.6984655007036662,fit
CO,7,xgboost,2,2,139,0,"0.6, 6.1","0.869, 4.622",5.5,3.7537821531295776,0.6825058460235596,1.0,1.0,3.925231146709438e-16,1.4651889149759467,-0.6727113147772483,0.06978577247227824,0.12294325833736719,1.7617238296847009,fit
CO,8,pls,2,2,141,0,"0.5, 6.8","0.354, 5.728",6.3,5.3738247917483655,0.8529880621822803,1.0,0.9999999999999998,1.962615573354719e-16,1.1723493496985236,0.0844059156170669,0.058881844249911656,0.06652984095950408,1.129887180115013,fit
CO,8,random_forest,2,2,141,0,"0.5, 6.8","0.707, 6.257",6.3,5.549500000000005,0.8808730158730168,1.0,0.9999999999999998,8.345155887641791e-16,1.135237408775564,-0.3026128480043231,0.048617904578622036,0.05851481715929194,1.2035651817256994,fit
CO,8,xgboost,2,2,141,0,"0.5, 6.8","0.741, 6.018",6.3,5.277320384979248,0.8376699023776585,1.0,1.0,6.329245045284193e-16,1.1937876688198783,-0.3846276111619562,0.05331421583833819,0.06252193530056957,1.1727066471380063,fit
CO,9,pls,2,2,202,0,"0.7, 5.1","0.138, 4.386",4.3999999999999995,4.2484026004093405,0.9655460455475775,1.0,1.0,3.1401849173675503e-16,1.0356833882871772,0.5569762511312284,0.1327562316483089,0.09133091795892337,0.6879595543271567,fit
CO,9,random_forest,2,2,202,0,"0.7, 5.1","0.511, 4.741",4.3999999999999995,4.229500000000006,0.9612500000000015,1.0,1.0,6.329245045284193e-16,1.0403120936280867,0.16840052015604723,0.09124222641344396,0.07930103085840201,0.8691264338406972,fit
CO,9,xgboost,2,2,202,0,"0.7, 5.1","0.412, 4.458",4.3999999999999995,4.045772284269333,0.919493700970303,1.0,1.0,7.850462293418876e-17,1.087555030496394,0.25202485361878946,0.09634483265133527,0.08006589906728209,0.8310346996712795,fit
CO,10,pls,2,2,146,0,"0.7, 4.8","0.355, 3.869",4.1,3.5142232402098186,0.8571276195633705,1.0,0.9999999999999999,6.707437923744493e-16,1.1666874070741184,0.2861480788138544,0.17565509530075818,0.11547890306054355,0.6574184646498273,held
CO,10,random_forest,2,2,146,0,"0.7, 4.8","0.561, 4.035",4.1,3.4740000000000006,0.8473170731707319,1.0,0.9999999999999999,8.345155887641791e-16,1.1801957397812313,0.03791018998272966,0.13009432826443798,0.09555354580380263,0.734494324837701,held
CO,10,xgboost,2,2,146,0,"0.7, 4.8","0.596, 4.026",4.1,3.4306180477142334,0.8367361091985935,1.0,0.9999999999999999,7.406111315403549e-16,1.1951199296965642,-0.011967735198731955,0.1293286642113204,0.09763843217245702,0.7549635865171994,held
CO,11,pls,2,2,189,0,"0.5, 5.7","-0.493, 4.046",5.2,4.539501359272441,0.8729810306293155,1.0,1.0,8.345155887641791e-16,1.1455002627939335,1.0648254883952935,0.1442547854127872,0.14017582497658365,0.9717239159551516,held
CO,11,random_forest,2,2,189,0,"0.5, 5.7","0.343, 4.665",5.2,4.321000000000003,0.8309615384615391,1.0,1.0,1.4812222630807097e-15,1.2034251330710468,0.08662346679009669,0.09997768915832106,0.11431839379571211,1.1434390488330015,held
CO,11,xgboost,2,2,189,0,"0.5, 5.7","0.394, 4.118",5.2,3.7239767611026764,0.71614937713513,1.0,1.0,8.345155887641791e-16,1.3963567265817924,-0.04990474121175037,0.1093478810070328,0.13834534812595184,1.265185450800405,held
CO,12,pls,2,2,189,0,"0.4, 5.4","-0.358, 3.872",5.0,4.230903076064804,0.8461806152129607,1.0,1.0,1.962615573354719e-16,1.1817807948109602,0.8235571173816929,0.16441286544505976,0.0996430190953599,0.6060536614676096,held
CO,12,random_forest,2,2,189,0,"0.4, 5.4","0.316, 4.439",5.0,4.1230000000000055,0.8246000000000011,1.0,0.9999999999999999,6.389813363550566e-16,1.212709192335676,0.016783895221926137,0.09435807578217419,0.07949570928028143,0.8424897246081771,held
CO,12,xgboost,2,2,189,0,"0.4, 5.4","0.323, 4.007",5.0,3.6836891770362854,0.7367378354072571,1.0,1.0,7.850462293418876e-17,1.357334932374168,-0.03835302289087528,0.09286004125027851,0.07967562189034265,0.8580183770928885,held
CO,13,pls,2,2,209,0,"0.5, 4.9","-0.381, 3.389",4.4,3.770589694654979,0.856952203330677,1.0,1.0,3.1401849173675503e-16,1.1669262254223112,0.9449206227955915,0.11746482053839877,0.1458888095113074,1.2419787374860625,held
CO,13,random_forest,2,2,209,0,"0.5, 4.9","0.466, 3.463",4.4,2.997499999999998,0.6812499999999995,1.0,1.0,1.3159772817161405e-15,1.4678899082568813,-0.1840366972477061,0.07867302544505334,0.14091284050608904,1.7911201419920622,held
CO,13,xgboost,2,2,209,0,"0.5, 4.9","0.460, 3.005",4.4,2.544581353664398,0.5783139440146359,1.0,1.0,6.473657049138938e-16,1.7291646005594012,-0.29598522320552334,0.08675620963472962,0.18132897891337457,2.0900979846494616,held
NO2,4,pls,2,2,191,0,"45, 177","59.407, 131.467",132.0,72.05941653670695,0.5459046707326284,1.0,1.0,2.0097183471152322e-14,1.8318216597376886,-63.82336094252486,0.1409191149857765,0.11870646590846921,0.8423730586191285,fit
NO2,4,random_forest,2,2,191,0,"45, 177","51.095, 141.660",132.0,90.565,0.6860984848484848,1.0,1.0,2.0097183471152322e-14,1.4575167007121954,-29.471815822889596,0.11318504820447957,0.10105338401867249,0.8928156644516326,fit
NO2,4,xgboost,2,2,191,0,"45, 177","53.562, 138.652",132.0,85.09054183959961,0.6446253169666637,1.0,1.0,1.0048591735576161e-14,1.5512887466250633,-38.08939447838526,0.11248499689141202,0.10529850754809367,0.9361115745039682,fit
NO2,5,pls,2,2,195,0,"48, 154","50.545, 122.048",106.0,71.50239582913423,0.6745509040484361,1.0,1.0,1.0048591735576161e-14,1.4824678078382578,-26.932004344522852,0.13596374370794925,0.11572782966495045,0.8511668368998014,fit
NO2,5,random_forest,2,2,195,0,"48, 154","39.675, 114.480",106.0,74.805,0.7057075471698114,1.0,1.0,0.0,1.4170175790388342,-8.220172448365744,0.12210204675528838,0.15363118387971253,1.2582195627532229,fit
NO2,5,xgboost,2,2,195,0,"48, 154","40.153, 118.842",106.0,78.6894416809082,0.7423532234047944,1.0,1.0,1.507288760336424e-14,1.3470676336710863,-6.088451963148046,0.12546685362075863,0.14044169440783041,1.1193529633917128,fit
NO2,6,pls,2,2,107,0,"27, 118","116.603, 112.334",91.0,-4.268629699237195,-0.04690801867293621,0.0,-1.0,0.0,-21.31831674606531,2512.774142317313,0.14562709919080236,6.484621003098034,44.52894440066959,fit
NO2,6,random_forest,2,2,107,0,"27, 118","117.320, 107.660",91.0,-9.659999999999997,-0.10615384615384611,0.0,-1.0,0.0,-9.420289855072468,1132.188405797102,0.12916082518748756,3.0700230502864208,23.768995326795334,fit
NO2,6,xgboost,2,2,107,0,"27, 118","122.641, 110.944",91.0,-11.697265625,-0.1285413804945055,0.0,-1.0,0.0,-7.779595925864085,981.1005606632996,0.13781996125985474,2.732002576013303,19.822981744003012,fit
NO2,7,pls,2,2,123,0,"45, 173","62.310, 153.149",128.0,90.83976929508523,0.7096856976178534,1.0,0.9999999999999999,2.0097183471152322e-14,1.4090744724835542,-42.79873242980338,0.11757265763449874,0.10512640925523252,0.8941399418055327,fit
NO2,7,random_forest,2,2,123,0,"45, 173","42.815, 152.505",128.0,109.69,0.856953125,1.0,1.0,2.0097183471152322e-14,1.1669249703710454,-4.96189260643628,0.1318241008732545,0.11980457880952174,0.9088215130305404,fit
NO2,7,xgboost,2,2,123,0,"45, 173","46.212, 140.637",128.0,94.42525482177734,0.7376973032951355,1.0,0.9999999999999999,1.0048591735576161e-14,1.3555695480154455,-17.643473800806618,0.1333209424912854,0.12549381863121287,0.9412911151555641,fit
NO2,8,pls,2,2,144,0,"44, 157","77.353, 152.425",113.0,75.07175864891886,0.6643518464506094,1.0,1.0,2.0097183471152322e-14,1.5052264930738684,-72.43432592657288,0.24073910782434163,0.21005548844049132,0.8725441011178001,fit
NO2,8,random_forest,2,2,144,0,"44, 157","60.900, 140.205",113.0,79.305,0.7018141592920355,1.0,1.0,0.0,1.4248786331252754,-42.775108757329264,0.19541978375830119,0.22988737599493442,1.176377189523776,fit
NO2,8,xgboost,2,2,144,0,"44, 157","67.542, 133.905",113.0,66.36365509033203,0.5872889831002834,1.0,0.9999999999999998,1.0048591735576161e-14,1.7027392455431831,-71.00592015765625,0.19243230966216818,0.2511949123471471,1.305367652595044,fit
NO2,9,pls,2,2,176,0,"59, 187","52.770, 136.504",128.0,83.73481038701024,0.6541782061485175,1.0,1.0,1.0048591735576161e-14,1.5286354552951447,-21.66554701882194,0.1326317536492991,0.31020904962452645,2.3388746743466267,fit
NO2,9,random_forest,2,2,176,0,"59, 187","53.505, 122.680",128.0,69.17500000000001,0.5404296875000001,1.0,1.0,1.0048591735576161e-14,1.8503794723527283,-40.00455366823272,0.17182661672497962,0.22451470703050586,1.306635207686462,fit
NO2,9,xgboost,2,2,176,0,"59, 187","55.241, 118.828",128.0,63.58707809448242,0.4967740476131439,1.0,1.0,3.6230712748823524e-14,2.0129876043338237,-52.19966553424314,0.172052570540527,0.23893439359950616,1.3887289963111893,fit
NO2,10,pls,2,2,138,0,"67, 193","86.938, 167.787",126.0,80.84882415023611,0.6416573345256834,1.0,1.0,0.0,1.5584642241161404,-68.48947024625693,0.0937224626065149,0.1351097530766782,1.4415941420993599,held
NO2,10,random_forest,2,2,138,0,"67, 193","75.140, 124.330",126.0,49.19,0.39039682539682535,1.0,1.0,2.842170943040401e-14,2.5614962390729814,-125.47082740394379,0.18566883120529887,0.22371336811920484,1.2049053503861353,held
NO2,10,xgboost,2,2,138,0,"67, 193","68.711, 121.124",126.0,52.41278839111328,0.4159745110405816,1.0,1.0,2.0097183471152322e-14,2.4039934502199385,-98.18152407716667,0.1992833634394797,0.182294233172794,0.9147488783134418,held
NO2,11,pls,2,2,182,0,"50, 183","78.627, 188.941",133.0,110.31450342580618,0.8294323565850089,1.0,0.9999999999999999,1.0048591735576161e-14,1.2056438262395057,-44.796019198612015,0.12472404831591001,0.16842312977139667,1.3503661246209913,held
NO2,11,random_forest,2,2,182,0,"50, 183","33.360, 137.160",133.0,103.8,0.7804511278195488,1.0,1.0,1.507288760336424e-14,1.28131021194605,7.255491329479796,0.257063968293055,0.1400433740329466,0.5447802543579192,held
NO2,11,xgboost,2,2,182,0,"50, 183","40.634, 123.758",133.0,83.12361526489258,0.6249895884578389,1.0,0.9999999999999999,2.0097183471152322e-14,1.6000266539919468,-15.015871883145365,0.2591877447290878,0.12911925639447472,0.4981688332889147,held
NO2,12,pls,2,2,144,0,"60, 191","84.341, 142.454",131.0,58.11241834655799,0.44360624692029,1.0,1.0,2.842170943040401e-14,2.2542513928567067,-130.12657334074393,0.17836283798582733,0.15124274290381218,0.8479498566614526,held
NO2,12,random_forest,2,2,144,0,"60, 191","58.425, 98.775",131.0,40.35000000000001,0.3080152671755726,1.0,1.0,2.0097183471152322e-14,3.246592317224286,-129.68215613382887,0.3532057076496466,0.2389322768214699,0.6764677683478226,held
NO2,12,xgboost,2,2,144,0,"60, 191","61.792, 88.800",131.0,27.008438110351562,0.20617128328512643,1.0,1.0,4.0194366942304644e-14,4.850336012203216,-239.711147865143,0.3475386021906975,0.34638613638717747,0.996683920012754,held
NO2,13,pls,2,2,194,0,"61, 181","72.381, 172.450",120.0,100.06929212478846,0.8339107677065705,1.0,1.0,1.0048591735576161e-14,1.1991690702714028,-25.79686536974151,0.14411850894787623,0.1463868892496823,1.0157396875555136,held
NO2,13,random_forest,2,2,194,0,"61, 181","50.055, 136.970",120.0,86.91499999999999,0.7242916666666666,1.0,1.0,0.0,1.3806592647989415,-8.108899499511011,0.2511566141493447,0.14962723146496393,0.5957527018420125,held
NO2,13,xgboost,2,2,194,0,"61, 181","46.422, 126.883",120.0,80.4609146118164,0.6705076217651367,1.0,1.0,1.0048591735576161e-14,1.491407356962568,-8.233573164407574,0.2589187062140269,0.14600717596954133,0.5639112681524414,held
NOx,4,pls,2,2,197,0,"30, 261","29.239, 178.204",231.0,148.96472489209455,0.6448689389268163,1.0,0.9999999999999998,5.0242958677880805e-15,1.5507026926497482,-15.34087590055276,0.09572993185083682,0.17398391800945912,1.8174453344493657,fit
NOx,4,random_forest,2,2,197,0,"30, 261","29.315, 185.225",231.0,155.91,0.6749350649350649,1.0,1.0,5.0242958677880805e-15,1.4816240138541468,-13.43380796613431,0.09026208502095098,0.19996804372665422,2.2154157382940918,fit
NOx,4,xgboost,2,2,197,0,"30, 261","25.719, 189.421",231.0,163.70205688476562,0.7086669129210633,1.0,1.0,1.0048591735576161e-14,1.4111001681708082,-6.291797045182392,0.090485713534672,0.18959510577009003,2.095304312292809,fit
NOx,5,pls,2,2,198,0,"14, 275","22.734, 163.552",261.0,140.8185039012829,0.5395344977060648,1.0,0.9999999999999999,0.0,1.853449601928502,-28.135555114088646,0.09978043434142304,0.23128933456994363,2.3179828399877564,fit
NOx,5,random_forest,2,2,198,0,"14, 275","27.535, 199.475",261.0,171.94,0.6587739463601533,1.0,0.9999999999999999,1.507288760336424e-14,1.5179713853669887,-27.797342096080058,0.09191135272708528,0.1803792666042074,1.9625352173829074,fit
NOx,5,xgboost,2,2,198,0,"14, 275","23.474, 210.287",261.0,186.81235694885254,0.7157561568921553,1.0,1.0,5.0242958677880805e-15,1.3971238533833141,-18.796752835311338,0.09633151065731933,0.16457021703723965,1.708373676632834,fit
NOx,6,pls,2,2,107,0,"23, 417","41.012, 281.426",394.0,240.4140771748513,0.6101880131341403,1.0,1.0,4.4938668397781776e-14,1.638839142158248,-44.211623947296175,0.10165090678516923,0.10958362985388473,1.0780388814974435,fit
NOx,6,random_forest,2,2,107,0,"23, 417","39.555, 335.040",394.0,295.485,0.7499619289340101,1.0,1.0,9.755417961618194e-14,1.3334010186642293,-29.74267729326351,0.09766327365673265,0.09872754040856475,1.0108973077799215,fit
NOx,6,xgboost,2,2,107,0,"23, 417","33.550, 314.035",394.0,280.4847221374512,0.7118901577092669,1.0,1.0,1.1019141097727089e-13,1.4047110908483658,-24.128366822011373,0.0989270602247858,0.11399176636262913,1.1522809441988142,fit
NOx,7,pls,2,2,107,0,"41, 435","21.815, 248.574",394.0,226.75926977701405,0.5755311415660255,1.0,1.0,2.5121479338940402e-14,1.7375254400291715,3.096213710075915,0.321197698232573,0.1506651761653427,0.46907302572339415,fit
NOx,7,random_forest,2,2,107,0,"41, 435","35.440, 279.510",394.0,244.07,0.6194670050761422,1.0,1.0,9.755417961618194e-14,1.6142909820953,-16.210472405457352,0.29289733700256787,0.16604461196799555,0.5669037952589505,fit
NOx,7,xgboost,2,2,107,0,"41, 435","37.942, 238.915",394.0,200.97321701049805,0.5100843071332438,1.0,1.0,8.987733679556355e-14,1.9604602337604957,-33.383433329366824,0.29605759820094457,0.14295444748769373,0.4828602554245731,fit
NOx,8,pls,2,2,105,0,"72, 445","35.378, 173.084",373.0,137.7065474787476,0.36918645436661557,1.0,0.9999999999999998,7.246142549764705e-14,2.70865842495663,-23.826092770773016,0.34990820475561246,0.24483351541940473,0.6997078436340314,fit
NOx,8,random_forest,2,2,105,0,"72, 445","37.745, 208.210",373.0,170.465,0.45701072386058983,1.0,1.0,4.14314051144892e-14,2.188132461209046,-10.591059748335454,0.3212485860048769,0.17777255666557296,0.5533800440225881,fit
NOx,8,xgboost,2,2,105,0,"72, 445","40.658, 204.863",373.0,164.20498657226562,0.44022784603824566,1.0,0.9999999999999998,8.987733679556355e-14,2.2715509911499843,-20.356973640266517,0.33102080174833404,0.1845022823788004,0.5573736798543325,fit
NOx,9,pls,2,2,125,0,"81, 444","20.315, 106.327",363.0,86.0120814653566,0.23694788282467383,1.0,1.0,1.0048591735576161e-14,4.220337350471013,-4.7353201331519585,0.4198521114588329,0.34262692362420183,0.8160657390377252,fit
NOx,9,random_forest,2,2,125,0,"81, 444","21.945, 111.755",363.0,89.81,0.24741046831955923,1.0,1.0,8.28628102289784e-14,4.041866161897341,-7.698752922837173,0.3948734600821519,0.35928900962598537,0.9098839145868063,fit
NOx,9,xgboost,2,2,125,0,"81, 444","21.916, 102.441",363.0,80.52461814880371,0.2218309039911948,1.0,0.9999999999999998,4.14314051144892e-14,4.507938172761057,-17.795639314908897,0.39491615599398555,0.4489049744499884,1.1367095714788258,fit
NOx,10,pls,2,2,110,0,"93, 460","16.304, 88.507",367.0,72.20332216814312,0.19673929746088042,1.0,1.0,5.684341886080802e-14,5.082868612961471,10.128103157172234,0.4585298388959065,0.5893398205830139,1.2852812850785995,held
NOx,10,random_forest,2,2,110,0,"93, 460","37.615, 132.500",367.0,94.88499999999999,0.25854223433242507,1.0,1.0,2.0097183471152322e-14,3.8678400168625178,-52.48880223428364,0.4230235481031335,0.2811329239019282,0.6645798446978837,held
NOx,10,xgboost,2,2,110,0,"93, 460","43.820, 149.090",367.0,105.2700080871582,0.2868392590930741,1.0,1.0,4.4938668397781776e-14,3.4862731244035117,-59.76786219083766,0.42626399613644084,0.2247635807432551,0.5272872745070207,held
NOx,11,pls,2,2,142,0,"19, 452","-10.971, 166.358",433.0,177.3285808424398,0.4095348287354268,1.0,1.0,9.102853919755885e-14,2.441794762823538,45.78893590488187,0.3946415121166926,0.1291917043181127,0.3273647103802695,held
NOx,11,random_forest,2,2,142,0,"19, 452","31.360, 199.485",433.0,168.125,0.3882794457274827,1.0,0.9999999999999997,4.14314051144892e-14,2.57546468401487,-61.766572490706324,0.35848952786713284,0.18817824685217155,0.5249197876762418,held
NOx,11,xgboost,2,2,142,0,"19, 452","25.904, 221.600",433.0,195.69582557678223,0.4519534077985733,1.0,0.9999999999999998,3.014577520672848e-14,2.212617457341267,-38.31637967020055,0.35622316762924944,0.20311815745532355,0.5701991782486343,held
NOx,12,pls,2,2,159,0,"59, 456","-8.408, 120.053",397.0,128.4606199363287,0.32357838774893877,1.0,1.0,3.014577520672848e-14,3.090441258938127,84.9839062297334,0.41487345943310067,0.2259776588102116,0.5446905644892212,held
NOx,12,random_forest,2,2,159,0,"59, 456","36.165, 106.705",397.0,70.53999999999999,0.17768261964735516,1.0,1.0,6.029155041345696e-14,5.628012475191382,-144.53707116529642,0.37966354168545574,0.4195450396843639,1.1050443185085947,held
NOx,12,xgboost,2,2,159,0,"59, 456","37.471, 121.202",397.0,83.73104858398438,0.21090944227703873,1.0,1.0,4.4938668397781776e-14,4.741371411368375,-118.66400368626438,0.3870422533581194,0.31777017113878053,0.8210219126766933,held
NOx,13,pls,2,2,174,0,"93, 408","40.031, 146.871",315.0,106.83925305789874,0.3391722319298373,1.0,0.9999999999999999,4.4938668397781776e-14,2.9483545699191103,-25.02705449233582,0.35562241604763006,0.1649244092435422,0.46376269267979203,held
NOx,13,random_forest,2,2,174,0,"93, 408","49.170, 173.960",315.0,124.79,0.39615873015873015,1.0,1.0,5.0242958677880804e-14,2.52424072441702,-31.11691641958481,0.32199261808799395,0.11590432955468885,0.35995958616360135,held
NOx,13,xgboost,2,2,174,0,"93, 408","48.411, 173.060",315.0,124.64874267578125,0.39571029420882936,1.0,0.9999999999999999,4.0194366942304644e-14,2.5271013027330214,-29.340145281295804,0.3319397410356828,0.13482891157552904,0.4061849031840849,held
CO,4,pls,3,3,201,1,"0.6, 0.7, 4.1","0.648, 0.575, 3.371",3.4999999999999996,2.723578695936806,0.7781653416962303,0.6666666666666666,0.998860754279683,0.07763357706773528,1.2488035289760246,-0.11248607034605085,0.05838235202647815,0.09154857391360777,1.5680864291333747,fit
CO,4,random_forest,3,3,201,1,"0.6, 0.7, 4.1","0.738, 0.574, 3.890",3.4999999999999996,3.1515000000000044,0.9004285714285728,0.6666666666666666,0.9976119613813466,0.11236365604644075,1.0636287218886613,-0.04450947520858883,0.05468793442593044,0.06345696851965432,1.1603467782386387,fit
CO,4,xgboost,3,3,201,1,"0.6, 0.7, 4.1","0.636, 0.586, 3.685",3.4999999999999996,3.0489339232444763,0.8711239780698505,0.6666666666666666,0.9992337283696318,0.06367556135830872,1.1217439490345587,-0.0352331167930966,0.05684906063685379,0.08299447459183239,1.4599093399624126,fit
CO,5,pls,3,3,139,1,"0.4, 0.7, 3.8","0.353, 0.576, 2.789",3.4,2.4362724994392466,0.7165507351291902,1.0,0.9999951050514863,0.004808934987318422,1.397637076007161,-0.09851415582756662,0.08221747214460884,0.14668513059797192,1.7841114153932347,fit
CO,5,random_forest,3,3,139,1,"0.4, 0.7, 3.8","0.454, 0.845, 3.203",3.4,2.749,0.8085294117647059,1.0,0.9986447588915148,0.07999014116243915,1.2640272686319254,-0.26418226809462353,0.07339079882735973,0.10632415540746747,1.4487395846116657,fit
CO,5,xgboost,3,3,139,1,"0.4, 0.7, 3.8","0.536, 0.800, 3.090",3.4,2.554113805294037,0.7512099427335402,1.0,0.999895657383471,0.022202143512843865,1.340050112760788,-0.34353707767276465,0.06901079027550669,0.10954525267887913,1.5873641243861967,fit
CO,6,pls,3,3,134,1,"0.5, 0.7, 3.5","0.117, 0.194, 3.464",3.0,3.3467126005277645,1.115570866842588,1.0,0.9992158195782189,0.05422540494201074,0.8772510779089208,0.46305996611161127,0.06155537155623999,0.06991091099050344,1.135740216052947,fit
CO,6,random_forest,3,3,134,1,"0.5, 0.7, 3.5","0.451, 0.701, 3.859",3.0,3.4070000000000022,1.1356666666666675,1.0,0.9999806723855085,0.008514653771234872,0.883245293504149,0.09120540386798504,0.04761807771896754,0.04816685216705436,1.0115244981396683,fit
CO,6,xgboost,3,3,134,1,"0.5, 0.7, 3.5","0.375, 0.637, 3.859",3.0,3.4837470948696136,1.1612490316232045,1.0,0.9999689532403605,0.010791572508105952,0.86448351435931,0.16316650017573275,0.052885421736398215,0.05337892159482573,1.0093314914058418,fit
CO,7,pls,3,3,139,1,"0.6, 0.8, 6.1","0.820, 0.286, 4.726",5.5,3.906228561426351,0.7102233748047911,0.6666666666666666,0.9898767233839008,0.36148012896218923,1.273742111672527,0.02406313069111743,0.08577101362679913,0.09187428879864151,1.0711577829591536,fit
CO,7,random_forest,3,3,139,1,"0.6, 0.8, 6.1","0.886, 0.589, 4.976",5.5,4.0900000000000025,0.7436363636363641,0.6666666666666666,0.9957179418680016,0.23544347057716236,1.2669842242761045,-0.22401608219362723,0.059380639726978324,0.10251323527060653,1.7263747198067292,fit
CO,7,xgboost,3,3,139,1,"0.6, 0.8, 6.1","0.869, 0.478, 4.622",5.5,3.7537821531295776,0.6825058460235596,0.6666666666666666,0.9930914284449516,0.29886050872090963,1.3536054368565669,-0.19304004624518134,0.06978577247227824,0.12857129853453486,1.8423712166489041,fit
CO,8,pls,3,3,141,1,"0.5, 1.3, 6.8","0.354, 1.066, 5.728",6.3,5.3738247917483655,0.8529880621822803,1.0,0.9999856906723724,0.014981062995193473,1.1750170848993915,0.06654085559210987,0.058881844249911656,0.06581652740395731,1.1177728592299665,fit
CO,8,random_forest,3,3,141,1,"0.5, 1.3, 6.8","0.707, 1.392, 6.257",6.3,5.549500000000005,0.8808730158730168,1.0,0.9999943395664668,0.009422340686692768,1.1335793514603756,-0.2907296869343017,0.048617904578622036,0.05871010760429603,1.2075820238067536,fit
CO,8,xgboost,3,3,141,1,"0.5, 1.3, 6.8","0.741, 1.263, 6.018",6.3,5.277320384979248,0.8376699023776585,1.0,0.9996362487097987,0.0755261495054225,1.179056780021289,-0.28638072347203547,0.05331421583833819,0.06322163790830623,1.1858307754166315,fit
CO,9,pls,3,3,202,1,"0.7, 1, 5.1","0.138, 0.324, 4.386",4.3999999999999995,4.2484026004093405,0.9655460455475775,1.0,0.9997519400339608,0.044705303592276154,1.0236707377138905,0.6121209578905971,0.1327562316483089,0.09061604547964738,0.6825747036847417,fit
CO,9,random_forest,3,3,202,1,"0.7, 1, 5.1","0.511, 0.763, 4.741",4.3999999999999995,4.229500000000006,0.9612500000000015,1.0,0.9999686226618316,0.015900555072955114,1.0361377741396611,0.18938311914566697,0.09124222641344396,0.07910276837251223,0.8669535091578711,fit
CO,9,xgboost,3,3,202,1,"0.7, 1, 5.1","0.412, 0.691, 4.458",4.3999999999999995,4.045772284269333,0.919493700970303,1.0,0.999999654698761,0.0016680408178168403,1.0880049253167763,0.24987347091261647,0.09634483265133527,0.08004370112519343,0.8308042987096733,fit
CO,10,pls,3,3,146,1,"0.7, 1.1, 4.8","0.355, 0.241, 3.869",4.1,3.5142232402098186,0.8571276195633705,0.6666666666666666,0.993266713497137,0.2138262772087456,1.088643169465316,0.5797761760106985,0.17565509530075818,0.10287685344123892,0.5856753159655989,held
CO,10,random_forest,3,3,146,1,"0.7, 1.1, 4.8","0.561, 0.765, 4.035",4.1,3.474000000000001,0.847317073170732,1.0,0.9993432040709355,0.06688422852800123,1.1587851385016614,0.12925095749753002,0.13009432826443798,0.09329863532226232,0.7171614363742099,held
CO,10,xgboost,3,3,146,1,"0.7, 1.1, 4.8","0.596, 0.778, 4.026",4.1,3.4306180477142334,0.8367361091985935,1.0,0.9991479528460963,0.076176164832383,1.1701826421498434,0.09353289601121428,0.1293286642113204,0.09544518860217567,0.7380049054416907,held
CO,11,pls,3,3,189,1,"0.5, 0.8, 5.7","-0.493, 0.140, 4.046",5.2,4.539501359272441,0.8729810306293155,1.0,0.9969756277823615,0.18525208700920645,1.1839110544760127,0.8756461063120022,0.1442547854127872,0.13045136574343955,0.904312223474258,held
CO,11,random_forest,3,3,189,1,"0.5, 0.8, 5.7","0.343, 0.745, 4.665",5.2,4.321000000000003,0.8309615384615391,1.0,0.999462485712194,0.07814671806975976,1.2222704476613173,-0.01057396179852077,0.09997768915832106,0.11167836235976288,1.1170328430267382,held
CO,11,xgboost,3,3,189,1,"0.5, 0.8, 5.7","0.394, 0.482, 4.118",5.2,3.7239767611026764,0.71614937713513,1.0,0.9995339124017731,0.07277081986411545,1.3732940256844846,0.04721018012100675,0.1093478810070328,0.14165305164045555,1.2954348116845997,held
CO,12,pls,3,3,189,1,"0.4, 1, 5.4","-0.358, 0.320, 3.872",5.0,4.230903076064804,0.8461806152129607,1.0,0.9992140351663172,0.08836104556471212,1.2004628640195436,0.7325665826298005,0.16441286544505976,0.09858599207093634,0.5996245598181601,held
CO,12,random_forest,3,3,189,1,"0.4, 1, 5.4","0.316, 0.928, 4.439",5.0,4.123000000000004,0.8246000000000008,1.0,0.9996084953870635,0.0623692571032553,1.2266424737065946,-0.05720749977047834,0.09435807578217419,0.08053434260162172,0.8534970847385169,held
CO,12,xgboost,3,3,189,1,"0.4, 1, 5.4","0.323, 0.966, 4.007",5.0,3.6836891770362854,0.7367378354072571,1.0,0.9985409169977039,0.12037219053120517,1.3854914830871377,-0.17898208731801946,0.09286004125027851,0.076712118364639,0.8261047198749647,held
CO,13,pls,3,3,209,1,"0.5, 0.7, 4.9","-0.381, -0.163, 3.389",4.4,3.770589694654979,0.856952203330677,1.0,0.9999359149659438,0.022966805039787656,1.1737101026932748,0.9202533661907586,0.11746482053839877,0.14438302131881212,1.229159680805147,held
CO,13,random_forest,3,3,209,1,"0.5, 0.7, 4.9","0.466, 0.633, 3.463",4.4,2.997499999999998,0.6812499999999995,1.0,0.9999564540506642,0.01893208238151772,1.4749516810222942,-0.20982234822140455,0.07867302544505335,0.14023906592919627,1.782555903193805,held
CO,13,xgboost,3,3,209,1,"0.5, 0.7, 4.9","0.460, 0.702, 3.005",4.4,2.544581353664398,0.5783139440146359,1.0,0.9989500720860451,0.0929383480669558,1.7670698701311718,-0.4211879781253738,0.08675620963472962,0.17807508151813262,2.052591765683213,held
NO2,4,pls,3,3,191,1,"45, 54, 177","59.407, 63.861, 131.467",132.0,72.05941653670695,0.5459046707326284,1.0,0.999982694346879,0.35425910079921585,1.8263848101446676,-63.08096974303422,0.1409191149857765,0.11785929039644509,0.8363612729780561,fit
NO2,4,random_forest,3,3,191,1,"45, 54, 177","51.095, 62.935, 141.660",132.0,90.565,0.6860984848484848,1.0,0.9982306608027595,3.580488296796498,1.4954999011009786,-35.46145657083642,0.11318504820447957,0.10278857028396418,0.9081461899302004,fit
NO2,4,xgboost,3,3,191,1,"45, 54, 177","53.562, 63.001, 138.652",132.0,85.09054183959961,0.6446253169666637,1.0,0.9991874726702555,2.426943408427222,1.5799186706381703,-42.40632061624379,0.11248499689141202,0.10701332989225096,0.9513564728597258,fit
NO2,5,pls,3,3,195,1,"48, 56, 154","50.545, 64.051, 122.048",106.0,71.50239582913423,0.6745509040484361,1.0,0.9938581963631755,5.333208237557618,1.5442383389798096,-35.811667552040035,0.13596374370794925,0.11306228107813178,0.8315619884738543,fit
NO2,5,random_forest,3,3,195,1,"48, 56, 154","39.675, 64.035, 114.480",106.0,74.805,0.7057075471698114,1.0,0.9671290888460906,12.255068558734733,1.4962189295220167,-22.82000274413629,0.12210204675528838,0.12740321170240035,1.043415856555921,fit
NO2,5,xgboost,3,3,195,1,"48, 56, 154","40.153, 55.020, 118.842",106.0,78.6894416809082,0.7423532234047944,1.0,0.9938512721359514,5.336204436123042,1.4032181501919614,-14.103422280706752,0.12546685362075863,0.1306317296528386,1.0411652630398427,fit
NO2,6,pls,3,3,107,1,"27, 38, 118","116.603, 62.772, 112.334",91.0,-4.268629699237195,-0.04690801867293621,0.3333333333333333,0.33466566386029817,38.21599377310567,0.5555085064177513,6.98436392681748,0.14562709919080236,0.18048932322211117,1.2393937956947965,fit
NO2,6,random_forest,3,3,107,1,"27, 38, 118","117.320, 58.310, 107.660",91.0,-9.659999999999997,-0.10615384615384611,0.3333333333333333,0.2565395022359474,39.197283260588165,0.402572438932874,22.985084591568715,0.12916082518748756,0.16933597026304784,1.311047448150341,fit
NO2,6,xgboost,3,3,107,1,"27, 38, 118","122.641, 61.028, 110.944",91.0,-11.697265625,-0.1285413804945055,0.3333333333333333,0.23083986666547676,39.45918450203157,0.35038254299431343,26.590907609636396,0.13781996125985474,0.17701558405172405,1.2843972849329663,fit
NO2,7,pls,3,3,123,1,"45, 57, 173","62.310, 71.648, 153.149",128.0,90.83976929508523,0.7096856976178534,1.0,0.99996297706995,0.4966722561486964,1.4146577112531684,-43.71943804233631,0.11757265763449874,0.10494309131787302,0.8925807532914022,fit
NO2,7,random_forest,3,3,123,1,"45, 57, 173","42.815, 60.095, 152.505",128.0,109.69,0.856953125,1.0,0.9980756478474372,3.5790829861971107,1.196316112025247,-10.185693250976158,0.1318241008732545,0.11661774545047765,0.8846466213534249,fit
NO2,7,xgboost,3,3,123,1,"45, 57, 173","46.212, 62.389, 140.637",128.0,94.42525482177734,0.7376973032951355,1.0,0.9971215225937662,4.376301034508986,1.3958514953170718,-24.299955728953023,0.1333209424912854,0.11939440219872205,0.8955412403158366,fit
NO2,8,pls,3,3,144,1,"44, 56, 157","77.353, 65.590, 152.425",113.0,75.07175864891886,0.6643518464506094,0.6666666666666666,0.9754581381206661,11.158452500105613,1.285240223484461,-40.87318621490948,0.24073910782434163,0.21318055396235308,0.8855252305657916,fit
NO2,8,random_forest,3,3,144,1,"44, 56, 157","60.900, 54.960, 140.205",113.0,79.305,0.7018141592920355,0.6666666666666666,0.987344316878651,8.03703120369572,1.287585445477633,-24.235189032076704,0.19541978375830119,0.2415880082416459,1.2362515380758297,fit
NO2,8,xgboost,3,3,144,1,"44, 56, 157","67.542, 55.303, 133.905",113.0,66.36365509033203,0.5872889831002834,0.6666666666666666,0.9708547701989317,12.145834333522087,1.4247696728861454,-36.26968456727512,0.19243230966216818,0.25885933451337384,1.3451968381392092,fit
NO2,9,pls,3,3,176,1,"59, 75, 187","52.770, 94.863, 136.504",128.0,83.73481038701024,0.6541782061485175,1.0,0.9164221526555317,22.789895583004707,1.5265611801726366,-37.584055451404964,0.1326317536492991,0.2371293768022522,1.7878778669342077,fit
NO2,9,random_forest,3,3,176,1,"59, 75, 187","53.505, 51.905, 122.680",128.0,69.17500000000001,0.5404296875000001,0.6666666666666666,0.9909335678805028,7.650639621522093,1.7103063704334291,-23.034593344053633,0.17182661672497962,0.22425057317335312,1.3050979961520262,fit
NO2,9,xgboost,3,3,176,1,"59, 75, 187","55.241, 60.790, 118.828",128.0,63.58707809448242,0.4967740476131439,1.0,0.999348298842052,2.0555101643597364,1.9789215011545933,-47.92266002458163,0.172052570540527,0.23962913030544486,1.3927669290416105,fit
NO2,10,pls,3,3,138,1,"67, 74, 193","86.938, 86.919, 167.787",126.0,80.84882415023611,0.6416573345256834,0.6666666666666666,0.9987678304649737,2.8693093911623273,1.5149831767183168,-61.19474466202526,0.0937224626065149,0.13233531359911888,1.4119914257344737,held
NO2,10,random_forest,3,3,138,1,"67, 74, 193","75.140, 52.915, 124.330",126.0,49.19,0.39039682539682535,0.6666666666666666,0.9364569118285941,20.28145221501763,1.8144844154840436,-41.31621640064678,0.18566883120529887,0.1473868557890819,0.7938158216018089,held
NO2,10,xgboost,3,3,138,1,"67, 74, 193","68.711, 60.025, 121.124",126.0,52.41278839111328,0.4159745110405816,0.6666666666666666,0.9836241381918841,10.420600476929764,2.1071869314053906,-64.16745700983127,0.1992833634394797,0.1650297277488877,0.828115929501589,held
NO2,11,pls,3,3,182,1,"50, 90, 183","78.627, 95.802, 188.941",133.0,110.31450342580618,0.8294323565850089,1.0,0.9884288756562096,8.451216213266182,1.1363156709586544,-29.967874930406296,0.12472404831591001,0.14654624274390524,1.1749638078834839,held
NO2,11,random_forest,3,3,182,1,"50, 90, 183","33.360, 66.935, 137.160",133.0,103.8,0.7804511278195488,1.0,0.9996865261471276,1.3949480138306132,1.287885442943836,5.728387381923824,0.257063968293055,0.14156113172816934,0.5506844567449783,held
NO2,11,xgboost,3,3,182,1,"50, 90, 183","40.634, 69.290, 123.758",133.0,83.12361526489258,0.6249895884578389,1.0,0.9988122812285912,2.7146835831270386,1.6141431763836167,-18.06564162887591,0.2591877447290878,0.12949294430049446,0.4996105986255063,held
NO2,12,pls,3,3,144,1,"60, 100, 191","84.341, 87.883, 142.454",131.0,58.11241834655799,0.44360624692029,1.0,0.9693775140668799,13.461171547414283,1.9976840220091279,-92.54267454132761,0.17836283798582733,0.12881435047676534,0.7222039743895581,held
NO2,12,random_forest,3,3,144,1,"60, 100, 191","58.425, 64.240, 98.775",131.0,40.35000000000001,0.3080152671755726,1.0,0.9857857787233584,9.2092843692217,3.0340944613680856,-106.95662584178297,0.3532057076496466,0.2118824746834176,0.5998840621612747,held
NO2,12,xgboost,3,3,144,1,"60, 100, 191","61.792, 68.632, 88.800",131.0,27.008438110351562,0.20617128328512643,1.0,0.9984057397286725,3.093994914661491,4.773444728465778,-231.8174923666117,0.3475386021906975,0.3414986101118435,0.9826206584224569,held
NO2,13,pls,3,3,194,1,"61, 86, 181","72.381, 95.467, 172.450",120.0,100.06929212478846,0.8339107677065705,1.0,0.9997267105635703,1.2084620927779186,1.2079524724783792,-27.68806228815349,0.14411850894787623,0.14901357267419119,1.03396554517564,held
NO2,13,random_forest,3,3,194,1,"61, 86, 181","50.055, 78.900, 136.970",120.0,86.91499999999999,0.7242916666666666,1.0,0.9911541485843447,6.860543892791117,1.4175065321413451,-16.31680818656241,0.2511566141493447,0.16024719172651597,0.6380369168029496,held
NO2,13,xgboost,3,3,194,1,"61, 86, 181","46.422, 81.247, 126.883",120.0,80.4609146118164,0.6705076217651367,1.0,0.969541257050476,12.661198418753594,1.5212153560385795,-19.74250687438105,0.2589187062140269,0.15160963007542058,0.5855491566920519,held
NOx,4,pls,3,3,197,1,"30, 40, 261","29.239, 41.348, 178.204",231.0,148.96472489209455,0.6448689389268163,1.0,0.9993894460141198,3.7250451448316557,1.5773648081482299,-20.477683604338594,0.09572993185083682,0.17213413928618196,1.7981224467431525,fit
NOx,4,random_forest,3,3,197,1,"30, 40, 261","29.315, 57.155, 185.225",231.0,155.91,0.6749350649350649,1.0,0.9915753082930698,13.810079626161986,1.5571220139744952,-30.687421862266817,0.09026208502095098,0.1954161307363351,2.1649857821362812,fit
NOx,4,xgboost,3,3,197,1,"30, 40, 261","25.719, 53.807, 189.421",231.0,163.70205688476562,0.7086669129210633,1.0,0.9924657734476079,13.06277901567775,1.4804066332205026,-22.38370047341577,0.090485713534672,0.18453198044725738,2.0393493429937872,fit
NOx,5,pls,3,3,198,1,"14, 47, 275","22.734, 67.050, 163.552",261.0,140.8185039012829,0.5395344977060648,1.0,0.9807638612964981,22.651376925362317,1.9358862931507308,-51.47639595646436,0.09978043434142304,0.20927585661259118,2.097363656450952,fit
NOx,5,random_forest,3,3,198,1,"14, 47, 275","27.535, 77.685, 199.475",261.0,171.94,0.6587739463601533,1.0,0.9853864351267072,19.766051207154543,1.5838312710300837,-48.86182304217044,0.09191135272708528,0.16542031958540424,1.7997811443009766,fit
NOx,5,xgboost,3,3,198,1,"14, 47, 275","23.474, 83.133, 210.287",261.0,186.81235694885254,0.7157561568921553,1.0,0.9797488217792657,23.23536502031646,1.459336110328102,-42.15185434401792,0.09633151065731933,0.14815598996735738,1.5379805523282364,fit
NOx,6,pls,3,3,107,1,"23, 32, 417","41.012, 68.693, 281.426",394.0,240.4140771748513,0.6101880131341403,1.0,0.9963553494604099,15.66516636373801,1.7036560959101528,-64.78374071574223,0.10165090678516923,0.10843602026933834,1.066749168293293,fit
NOx,6,random_forest,3,3,107,1,"23, 32, 417","39.555, 63.930, 335.040",394.0,295.485,0.7499619289340101,1.0,0.9985224543349265,9.979599510398996,1.369327030685325,-42.82804537709404,0.09766327365673265,0.09783244546679483,1.0017321947517015,fit
NOx,6,xgboost,3,3,107,1,"23, 32, 417","33.550, 67.963, 314.035",394.0,280.4847221374512,0.7118901577092669,1.0,0.9957056821474028,17.001352857513314,1.4640142879014444,-45.456006639368354,0.0989270602247858,0.10711643938015665,1.0827819924777167,fit
NOx,7,pls,3,3,107,1,"41, 92, 435","21.815, 47.936, 248.574",394.0,226.75926977701405,0.5755311415660255,1.0,0.999904438240367,2.4186621204629755,1.7269164684558003,6.093397665078641,0.321197698232573,0.1483480521878303,0.4618590139472742,fit
NOx,7,random_forest,3,3,107,1,"41, 92, 435","35.440, 58.395, 279.510",394.0,244.07,0.6194670050761422,1.0,0.9994211907420548,5.951800858242936,1.588938563506162,-8.407422664069315,0.29289733700256787,0.15930116580787956,0.5438805536374096,fit
NOx,7,xgboost,3,3,107,1,"41, 92, 435","37.942, 57.721, 238.915",394.0,200.97321701049805,0.5100843071332438,1.0,0.9995535396794398,5.227408790764989,1.933657763199312,-26.319858016760605,0.29605759820094457,0.1386207821399264,0.46822234248431505,fit
NOx,8,pls,3,3,105,1,"72, 107, 445","35.378, 98.795, 173.084",373.0,137.7065474787476,0.36918645436661557,1.0,0.9237660643850992,64.41048055526004,2.7608235938179257,-74.76117374584447,0.34990820475561246,0.19944213562244584,0.5699841641659785,fit
NOx,8,random_forest,3,3,105,1,"72, 107, 445","37.745, 126.725, 208.210",373.0,170.465,0.45701072386058983,1.0,0.8943047761560571,75.2590700683431,2.160689235738918,-60.41522145839332,0.3212485860048769,0.15853239271336358,0.4934882194655229,fit
NOx,8,xgboost,3,3,105,1,"72, 107, 445","40.658, 97.397, 204.863",373.0,164.20498657226562,0.44022784603824566,1.0,0.965863087691323,43.570745566131414,2.385673690510991,-64.69727131625467,0.33102080174833404,0.18399426195413554,0.5558389713949798,fit
NOx,9,pls,3,3,125,1,"81, 105, 444","20.315, 23.310, 106.327",363.0,86.0120814653566,0.23694788282467383,1.0,0.9995949365305248,4.717300041900247,4.156767449761589,2.2285294826607753,0.4198521114588329,0.3403007466357158,0.8105252715135691,fit
NOx,9,random_forest,3,3,125,1,"81, 105, 444","21.945, 33.215, 111.755",363.0,89.81,0.24741046831955923,1.0,0.9984162286730756,9.325028309288179,4.142816882103939,-20.499426625459648,0.3948734600821519,0.35955782131134556,0.9105646685815272,fit
NOx,9,xgboost,3,3,125,1,"81, 105, 444","21.916, 37.375, 102.441",363.0,80.52461814880371,0.2218309039911948,1.0,0.9924769257946734,20.293421229448967,4.714798985897299,-44.177831181888024,0.39491615599398555,0.4486353934063819,1.1360269429271324,fit
NOx,10,pls,3,3,110,1,"93, 149, 460","16.304, 16.218, 88.507",367.0,72.20332216814312,0.19673929746088042,0.6666666666666666,0.9897748405854527,23.026597627201088,4.69158416969818,44.72614066136123,0.4585298388959065,0.5643282252158843,1.2307339181561874,held
NOx,10,random_forest,3,3,110,1,"93, 149, 460","37.615, 52.195, 132.500",367.0,94.88499999999999,0.25854223433242507,1.0,0.9999994319836976,0.17206324021840325,3.869489400378629,-52.74206286605772,0.4230235481031335,0.28111837708076903,0.6645454569640935,held
NOx,10,xgboost,3,3,110,1,"93, 149, 460","43.820, 56.316, 149.090",367.0,105.2700080871582,0.2868392590930741,1.0,0.999447516419139,5.3654660720844625,3.435965140157602,-51.44311247391869,0.42626399613644084,0.2232270912340443,0.5236827253939424,held
NOx,11,pls,3,3,142,1,"19, 122, 452","-10.971, 10.698, 166.358",433.0,177.3285808424398,0.4095348287354268,1.0,0.9931106103622898,21.64225912992595,2.322257443208943,69.10292927663087,0.3946415121166926,0.11686393523793809,0.2961268180104233,held
NOx,11,random_forest,3,3,142,1,"19, 122, 452","31.360, 44.535, 199.485",433.0,168.125,0.3882794457274827,1.0,0.9873586644199521,29.273936392639833,2.3887664990621023,-21.606172837240592,0.35848952786713284,0.14471410041964627,0.403677343884036,held
NOx,11,xgboost,3,3,142,1,"19, 122, 452","25.904, 49.634, 221.600",433.0,195.69582557678223,0.4519534077985733,1.0,0.9930037255138198,21.808911673161557,2.1032380569464175,-10.651285435275554,0.35622316762924944,0.1707395061302413,0.4793048898715758,held
NOx,12,pls,3,3,159,1,"59, 131, 456","-8.408, 28.560, 120.053",397.0,128.4606199363287,0.32357838774893877,1.0,0.9937076047311255,19.342976044511552,3.1782283735208607,66.79893033151231,0.41487345943310067,0.22069246503776982,0.5319512733818467,held
NOx,12,random_forest,3,3,159,1,"59, 131, 456","36.165, 51.880, 106.705",397.0,70.53999999999999,0.17768261964735516,1.0,0.9990857862914855,7.382851679010497,5.706170445592031,-155.09223142634934,0.37966354168545574,0.42079263030783354,1.1083303612450954,held
NOx,12,xgboost,3,3,159,1,"59, 131, 456","37.471, 48.822, 121.202",397.0,83.73104858398438,0.21090944227703873,1.0,0.9989530939964609,7.900229546022096,4.651727908016353,-106.40302946490388,0.3870422533581194,0.3138369398622044,0.8108596339010558,held
NOx,13,pls,3,3,174,1,"93, 107, 408","40.031, 33.002, 146.871",315.0,106.83925305789874,0.3391722319298373,0.6666666666666666,0.9955423342991053,13.704554059016045,2.7765031206372566,-0.8546905404145093,0.35562241604763006,0.1466736702143689,0.41244213974049443,held
NOx,13,random_forest,3,3,174,1,"93, 107, 408","49.170, 74.865, 173.960",315.0,124.79,0.39615873015873015,1.0,0.9877191091538675,22.7024710096261,2.6675335770711674,-62.303889433107514,0.32199261808799395,0.13862555868434226,0.43052402725101835,held
NOx,13,xgboost,3,3,174,1,"93, 107, 408","48.411, 59.935, 173.060",315.0,124.64874267578125,0.39571029420882936,1.0,0.9990143149141495,6.449970560875751,2.581071676996925,-39.44328638034301,0.3319397410356828,0.14224602116873564,0.4285296503664034,held
CO,4,pls,4,4,201,2,"0.6, 0.7, 3.4, 4.1","0.648, 0.575, 3.338, 3.371",3.4999999999999996,2.723578695936806,0.7781653416962303,0.8333333333333334,0.9879669008283973,0.24282968942957808,1.1307332452972694,-0.042334981989224474,0.05838235202647815,0.06708741385034066,1.1491043358430386,fit
CO,4,random_forest,4,4,201,2,"0.6, 0.7, 3.4, 4.1","0.738, 0.574, 3.613, 3.890",3.4999999999999996,3.1515000000000053,0.900428571428573,0.8333333333333334,0.993693410157351,0.17604955919652704,1.0054346831512508,-0.01572668299457103,0.05468793442593043,0.054556784449190945,0.9976018480471754,fit
CO,4,xgboost,4,4,201,2,"0.6, 0.7, 3.4, 4.1","0.636, 0.586, 3.707, 3.685",3.4999999999999996,3.0489339232444763,0.8711239780698505,0.6666666666666666,0.9861178789689917,0.2606987119972472,1.0037080938970542,0.038188713862289614,0.05684906063685379,0.05983902489794467,1.052594787452874,fit
CO,5,pls,4,4,139,2,"0.4, 0.7, 2.5, 3.8","0.353, 0.576, 2.071, 2.789",3.4,2.436272499439246,0.7165507351291901,1.0,0.9962446871934981,0.11973763273954098,1.3532022559571038,-0.10807840939308266,0.08221747214460884,0.13190478371696066,1.6043400542035506,fit
CO,5,random_forest,4,4,139,2,"0.4, 0.7, 2.5, 3.8","0.454, 0.845, 2.290, 3.203",3.4,2.7489999999999983,0.8085294117647054,1.0,0.9979889339131643,0.08766180977130204,1.2482458772243457,-0.26998959173089787,0.07339079882735973,0.10112711375778591,1.3779263255557619,fit
CO,5,xgboost,4,4,139,2,"0.4, 0.7, 2.5, 3.8","0.536, 0.800, 2.223, 3.090",3.4,2.554113805294037,0.7512099427335402,1.0,0.9990919361198912,0.058921705102166926,1.3226691817104608,-0.3484691150366013,0.06901079027550669,0.1036895806347197,1.5025125813045674,fit
CO,6,pls,4,4,134,2,"0.5, 0.7, 1.9, 3.5","0.117, 0.194, 1.765, 3.464",3.0,3.3467126005277654,1.1155708668425885,1.0,0.998432911217349,0.06686204354276458,0.8716007953630985,0.44304517356254025,0.06155537155623999,0.06672825587190326,1.084036277986513,fit
CO,6,random_forest,4,4,134,2,"0.5, 0.7, 1.9, 3.5","0.451, 0.701, 1.641, 3.859",3.0,3.4070000000000022,1.1356666666666675,1.0,0.991462760064302,0.15578760361980878,0.8821428988277357,0.1828860913871222,0.04761807771896754,0.04804692610265098,1.0090059994906644,fit
CO,6,xgboost,4,4,134,2,"0.5, 0.7, 1.9, 3.5","0.375, 0.637, 1.524, 3.859",3.0,3.4837470948696136,1.1612490316232045,1.0,0.9883460452612542,0.18187403704340507,0.8603120629437497,0.2747531392297111,0.052885421736398215,0.060305061311554914,1.1402965000853942,fit
CO,7,pls,4,4,139,2,"0.6, 0.8, 3.7, 6.1","0.820, 0.286, 3.123, 4.726",5.5,3.906228561426351,0.7102233748047911,0.8333333333333334,0.9888702615221904,0.3371443847650047,1.2529015716898293,-0.0046826587931358965,0.08577101362679913,0.0853291816069451,0.9948487023625895,fit
CO,7,random_forest,4,4,139,2,"0.6, 0.8, 3.7, 6.1","0.886, 0.589, 3.536, 4.976",5.5,4.0900000000000025,0.7436363636363641,0.8333333333333334,0.990858376968268,0.30570466193033885,1.2239803979567863,-0.2558200610488628,0.05938063972697834,0.08608355966934256,1.4496906746902614,fit
CO,7,xgboost,4,4,139,2,"0.6, 0.8, 3.7, 6.1","0.869, 0.478, 3.300, 4.622",5.5,3.7537821531295776,0.6825058460235596,0.8333333333333334,0.9880488510729827,0.3492919518574647,1.3056374139360358,-0.22539680586736255,0.06978577247227824,0.1089995597998658,1.5619166477402664,fit
CO,8,pls,4,4,141,2,"0.5, 1.3, 4.6, 6.8","0.354, 1.066, 4.157, 5.728",6.3,5.3738247917483655,0.8529880621822803,1.0,0.9984152505141605,0.14286789247451065,1.1509780018588207,0.04683975587230549,0.058881844249911656,0.059044773483934186,1.0027670538533238,fit
CO,8,random_forest,4,4,141,2,"0.5, 1.3, 4.6, 6.8","0.707, 1.392, 4.609, 6.257",6.3,5.549500000000009,0.8808730158730174,1.0,0.9985709527718379,0.13567334648638932,1.111665310463181,-0.30304622937498316,0.04861790457862204,0.05382156387289945,1.1070317476530145,fit
CO,8,xgboost,4,4,141,2,"0.5, 1.3, 4.6, 6.8","0.741, 1.263, 4.416, 6.018",6.3,5.277320384979248,0.8376699023776585,1.0,0.9983482913994781,0.14585246309213296,1.1572197885639408,-0.29864454796659645,0.05331421583833819,0.05899378110265682,1.1065300347198292,fit
CO,9,pls,4,4,202,2,"0.7, 1, 4.7, 5.1","0.138, 0.324, 3.384, 4.386",4.3999999999999995,4.24840260040934,0.9655460455475773,1.0,0.9924422017224755,0.24943885325899742,1.0833190345888306,0.6454124929737133,0.1327562316483089,0.08995772021599129,0.6776158007731248,fit
CO,9,random_forest,4,4,202,2,"0.7, 1, 4.7, 5.1","0.511, 0.763, 3.649, 4.741",4.3999999999999995,4.229500000000005,0.9612500000000013,1.0,0.9897005696484693,0.2909873114655136,1.1038398965126095,0.20812281002553457,0.09124222641344393,0.07933021762080877,0.8694463160219422,fit
CO,9,xgboost,4,4,202,2,"0.7, 1, 4.7, 5.1","0.412, 0.691, 3.335, 4.458",4.3999999999999995,4.045772284269333,0.919493700970303,1.0,0.9867044946090959,0.3303639496294925,1.165024389067759,0.28411406869632616,0.09634483265133527,0.08597111482123745,0.8923272006954486,fit
CO,10,pls,4,4,146,2,"0.7, 1.1, 3.6, 4.8","0.355, 0.241, 1.899, 3.869",4.1,3.5142232402098186,0.8571276195633705,0.8333333333333334,0.9648133062603234,0.4494973500190914,1.1226377191412886,0.7639151586762896,0.17565509530075818,0.0958124330842275,0.5454577501448314,held
CO,10,random_forest,4,4,146,2,"0.7, 1.1, 3.6, 4.8","0.561, 0.765, 2.561, 4.035",4.1,3.4740000000000024,0.8473170731707323,1.0,0.9917254746097205,0.21946412883906521,1.1950629356088058,0.18317785602675896,0.13009432826443798,0.0900320810197272,0.6920523148151569,held
CO,10,xgboost,4,4,146,2,"0.7, 1.1, 3.6, 4.8","0.596, 0.778, 2.635, 4.026",4.1,3.4306180477142334,0.8367361091985935,1.0,0.9938853063993786,0.188762054838033,1.2033790310998465,0.13247756512023656,0.1293286642113204,0.09308489299109143,0.7197545382436845,held
CO,11,pls,4,4,189,2,"0.5, 0.8, 4.3, 5.7","-0.493, 0.140, 3.281, 4.046",5.2,4.539501359272441,0.8729810306293155,1.0,0.9942503926882941,0.23912400525663927,1.1375341429195571,0.8415672760880939,0.1442547854127872,0.12013060342440868,0.8327668512393068,held
CO,11,random_forest,4,4,189,2,"0.5, 0.8, 4.3, 5.7","0.343, 0.745, 3.320, 4.665",5.2,4.321000000000003,0.8309615384615391,1.0,0.9984824482929101,0.122980473039685,1.242866818564487,0.0057119804387815165,0.09997768915832106,0.11658816845489854,1.1661418606132588,held
CO,11,xgboost,4,4,189,2,"0.5, 0.8, 4.3, 5.7","0.394, 0.482, 3.133, 4.118",5.2,3.7239767611026764,0.71614937713513,1.0,0.9995623345995773,0.06606216804313549,1.3681557326533849,0.04522966039600629,0.1093478810070328,0.14025656531973155,1.2826637702353905,held
CO,12,pls,4,4,189,2,"0.4, 1, 3.1, 5.4","-0.358, 0.320, 2.105, 3.872",5.0,4.230903076064804,0.8461806152129607,1.0,0.9986474728506427,0.1021077901161742,1.1913065288311644,0.7061722656728078,0.16441286544505976,0.09693739067710816,0.5895973555031846,held
CO,12,random_forest,4,4,189,2,"0.4, 1, 3.1, 5.4","0.316, 0.928, 2.575, 4.439",5.0,4.123000000000004,0.8246000000000008,1.0,0.9996217006836372,0.054014390608214974,1.2266034725315187,-0.05732286904132167,0.09435807578217419,0.08053462687753773,0.8535000974739257,held
CO,12,xgboost,4,4,189,2,"0.4, 1, 3.1, 5.4","0.323, 0.966, 2.483, 4.007",5.0,3.6836891770362854,0.7367378354072571,1.0,0.9979838274133788,0.12464579125945104,1.3747777953258942,-0.19857276733158846,0.09286004125027851,0.07521534999139405,0.8099861789709086,held
CO,13,pls,4,4,209,2,"0.5, 0.7, 3.5, 4.9","-0.381, -0.163, 2.693, 3.389",4.4,3.7705896946549795,0.8569522033306771,1.0,0.9926959566456809,0.22537975603637228,1.1061354308758249,0.868621717266125,0.11746482053839877,0.1246468175878418,1.0611416849446875,held
CO,13,random_forest,4,4,209,2,"0.5, 0.7, 3.5, 4.9","0.466, 0.633, 3.454, 3.463",4.4,2.997499999999997,0.6812499999999992,1.0,0.9648370160989732,0.4910422262439882,1.2379977639924367,-0.08125701848183997,0.07867302544505335,0.09217281240628217,1.1715935911306388,held
CO,13,xgboost,4,4,209,2,"0.5, 0.7, 3.5, 4.9","0.460, 0.702, 3.295, 3.005",4.4,2.544581353664398,0.5783139440146359,0.8333333333333334,0.9398182881021792,0.6383009735751041,1.3596113130285021,-0.13638947186590267,0.08675620963472962,0.10014388458828537,1.1543137374249288,held
NO2,4,pls,4,4,191,2,"45, 54, 147, 177","59.407, 63.861, 92.988, 131.467",132.0,72.05941653670695,0.5459046707326284,1.0,0.9533716023078583,17.3020230944573,1.900042589152228,-59.42168434068634,0.1409191149857765,0.11850685869783775,0.8409565920833316,fit
NO2,4,random_forest,4,4,191,2,"45, 54, 147, 177","51.095, 62.935, 111.875, 141.660",132.0,90.565,0.6860984848484848,1.0,0.992609243365101,6.957203837131134,1.5517924335597038,-36.846146460343135,0.11318504820447957,0.10907320292080042,0.9636714800328511,fit
NO2,4,xgboost,4,4,191,2,"45, 54, 147, 177","53.562, 63.001, 110.533, 138.652",132.0,85.09054183959961,0.6446253169666637,1.0,0.9937088521740274,6.420591214575554,1.6382402398972857,-44.04585138282627,0.11248499689141202,0.11476545201919192,1.0202734159292492,fit
NO2,5,pls,4,4,195,2,"48, 56, 142, 154","50.545, 64.051, 131.598, 122.048",106.0,71.50239582913422,0.674550904048436,0.8333333333333334,0.9801439613000977,9.571337902602737,1.342144681014457,-23.55844579978607,0.13596374370794925,0.11374133861092472,0.8365563900273417,fit
NO2,5,random_forest,4,4,195,2,"48, 56, 142, 154","39.675, 64.035, 120.985, 114.480",106.0,74.805,0.7057075471698114,0.8333333333333334,0.9687394289541263,11.974862453483343,1.3703415786359299,-16.196401233460364,0.12210204675528838,0.11218242586248933,0.9187595854746029,fit
NO2,5,xgboost,4,4,195,2,"48, 56, 142, 154","40.153, 55.020, 132.632, 118.842",106.0,78.6894416809082,0.7423532234047944,0.8333333333333334,0.9750440907237888,10.716502193671422,1.1847033101149131,-2.668684470301656,0.12546685362075863,0.11181078151105739,0.8911579296394994,fit
NO2,6,pls,4,4,107,2,"27, 38, 92, 118","116.603, 62.772, 91.991, 112.334",91.0,-4.268629699237209,-0.04690801867293636,0.5,0.27271737727089596,36.173814014465194,0.48184934398867235,22.528622337623055,0.14562709919080236,0.15119219282799445,1.0382146844104931,fit
NO2,6,random_forest,4,4,107,2,"27, 38, 92, 118","117.320, 58.310, 95.055, 107.660",91.0,-9.659999999999997,-0.10615384615384611,0.5,0.2439324819579699,36.463252376447706,0.4097649515548304,29.991869850996927,0.12916082518748756,0.14670858349560112,1.1358597568778424,fit
NO2,6,xgboost,4,4,107,2,"27, 38, 92, 118","122.641, 61.028, 96.501, 110.944",91.0,-11.697265625,-0.1285413804945055,0.5,0.2041420229664906,36.807248414401585,0.33155120655138237,36.331429651315716,0.13781996125985474,0.1560804800472509,1.1324954572651966,fit
NO2,7,pls,4,4,123,2,"45, 57, 146, 173","62.310, 71.648, 130.889, 153.149",128.0,90.83976929508523,0.7096856976178534,1.0,0.9994317768073213,1.8621659348306174,1.4349617552559824,-44.70203345665698,0.11757265763449874,0.1065778198116039,0.9064847385088904,fit
NO2,7,random_forest,4,4,123,2,"45, 57, 146, 173","42.815, 60.095, 125.475, 152.505",128.0,109.69,0.856953125,1.0,0.9974575746504585,3.9370278925810847,1.2188027046090504,-10.807440539635294,0.1318241008732545,0.11731881607806467,0.8899648493780642,fit
NO2,7,xgboost,4,4,123,2,"45, 57, 146, 173","46.212, 62.389, 120.292, 140.637",128.0,94.42525482177734,0.7376973032951355,1.0,0.9974979526943174,3.9056788901744617,1.4067203990146477,-24.706385737714044,0.1333209424912854,0.12078463801297402,0.9059689779861043,fit
NO2,8,pls,4,4,144,2,"44, 56, 130, 157","77.353, 65.590, 165.192, 152.425",113.0,75.07175864891886,0.6643518464506094,0.6666666666666666,0.9376820903317801,16.64598412840284,1.0185941074143612,-20.531151321133606,0.24073910782434163,0.14331004097832822,0.5952919003209741,fit
NO2,8,random_forest,4,4,144,2,"44, 56, 130, 157","60.900, 54.960, 134.775, 140.205",113.0,79.305,0.7018141592920355,0.8333333333333334,0.9783744812864251,9.908303304247674,1.1751518389257225,-18.074086181432335,0.19541978375830119,0.204159745242377,1.0447240362054928,fit
NO2,8,xgboost,4,4,144,2,"44, 56, 130, 157","67.542, 55.303, 147.078, 133.905",113.0,66.36365509033203,0.5872889831002834,0.6666666666666666,0.9308074207784587,17.508986764361,1.1135251878966308,-15.667947636154764,0.19243230966216818,0.17579834967791144,0.9135594224615444,fit
NO2,9,pls,4,4,176,2,"59, 75, 173, 187","52.770, 94.863, 172.822, 136.504",128.0,83.73481038701024,0.6541782061485175,0.8333333333333334,0.8995178344185335,24.901432257959986,1.140635839741262,-6.8059879017285425,0.1326317536492991,0.15670946890987889,1.1815380902241959,fit
NO2,9,random_forest,4,4,176,2,"59, 75, 173, 187","53.505, 51.905, 136.800, 122.680",128.0,69.17500000000001,0.5404296875000001,0.6666666666666666,0.9703335694569186,13.780363456609308,1.4238284447870218,-6.385190304584086,0.17182661672497962,0.1677406251495343,0.9762202640468373,fit
NO2,9,xgboost,4,4,176,2,"59, 75, 173, 187","55.241, 60.790, 150.862, 118.828",128.0,63.58707809448242,0.4967740476131439,0.8333333333333334,0.9299919102217935,20.951253153162728,1.3219589790977635,-3.977026695214036,0.172052570540527,0.14174390894012864,0.823840692962741,fit
NO2,10,pls,4,4,138,2,"67, 74, 167, 193","86.938, 86.919, 160.043, 167.787",126.0,80.84882415023611,0.6416573345256834,0.8333333333333334,0.9944632705107009,5.839713011648149,1.432060956818766,-54.36137102152685,0.0937224626065149,0.11686764063883708,1.2469544374809598,held
NO2,10,random_forest,4,4,138,2,"67, 74, 167, 193","75.140, 52.915, 111.610, 124.330",126.0,49.19,0.39039682539682535,0.8333333333333334,0.9478481864909073,17.711856729752387,1.8514179296856559,-43.22671732898257,0.18566883120529887,0.15477234604220746,0.8335935818493501,held
NO2,10,xgboost,4,4,138,2,"67, 74, 167, 193","68.711, 60.025, 107.681, 121.124",126.0,52.41278839111328,0.4159745110405816,0.8333333333333334,0.9862614131857979,9.179965825081624,2.136828160216239,-65.7510988333569,0.1992833634394797,0.1706073219497585,0.8561041875508599,held
NO2,11,pls,4,4,182,2,"50, 90, 175, 183","78.627, 95.802, 165.843, 188.941",133.0,110.31450342580618,0.8294323565850089,1.0,0.9848221171514991,9.784990793272847,1.2011393114717046,-34.4148228351481,0.12472404831591001,0.13800077364241806,1.106448800418022,held
NO2,11,random_forest,4,4,182,2,"50, 90, 175, 183","33.360, 66.935, 125.585, 137.160",133.0,103.8,0.7804511278195488,1.0,0.9984700094707095,3.1173618535739003,1.3241769786623612,4.317697416604091,0.257063968293055,0.14038739653119542,0.5461185301984939,held
NO2,11,xgboost,4,4,182,2,"50, 90, 175, 183","40.634, 69.290, 118.552, 123.758",133.0,83.12361526489258,0.6249895884578389,1.0,0.9990663125436543,2.435613599497486,1.6249705118920739,-18.592495736714937,0.2591877447290878,0.12968114597685665,0.5003367196716958,held
NO2,12,pls,4,4,144,2,"60, 100, 182, 191","84.341, 87.883, 147.961, 142.454",131.0,58.11241834655799,0.44360624692029,0.8333333333333334,0.9689790635087158,13.639255716660363,1.8042868233474152,-75.43370928166846,0.17836283798582733,0.12203595821195726,0.6842005856716308,held
NO2,12,random_forest,4,4,144,2,"60, 100, 182, 191","58.425, 64.240, 100.095, 98.775",131.0,40.35000000000001,0.3080152671755726,0.8333333333333334,0.9851160295240181,9.48625988770743,2.8363747468444513,-94.74843855665767,0.3532057076496466,0.19719201683016163,0.5582922714990813,held
NO2,12,xgboost,4,4,144,2,"60, 100, 182, 191","61.792, 68.632, 95.541, 88.800",131.0,27.008438110351562,0.20617128328512643,0.8333333333333334,0.970360029065592,13.336883315723425,3.852560129319116,-169.9121985307558,0.3475386021906975,0.24651295175307877,0.709310995092899,held
NO2,13,pls,4,4,194,2,"61, 86, 168, 181","72.381, 95.467, 126.202, 172.450",120.0,100.06929212478846,0.8339107677065705,1.0,0.932813396695097,18.54890462598367,1.2817269871602097,-25.481459860981857,0.14411850894787623,0.1267661081797511,0.8795963065757152,held
NO2,13,random_forest,4,4,194,2,"61, 86, 168, 181","50.055, 78.900, 102.250, 136.970",120.0,86.91499999999999,0.7242916666666666,1.0,0.9384582477991534,17.778500002993766,1.5165342730993685,-15.58750149958999,0.2511566141493447,0.14493700051134817,0.5770781749158499,held
NO2,13,xgboost,4,4,194,2,"61, 86, 168, 181","46.422, 81.247, 90.489, 126.883",120.0,80.4609146118164,0.6705076217651367,1.0,0.8822498950936798,24.232669216323483,1.5857933881251245,-12.790870735326138,0.2589187062140269,0.14922082609155923,0.5763230794464521,held
NOx,4,pls,4,4,197,2,"30, 40, 236, 261","29.239, 41.348, 190.942, 178.204",231.0,148.96472489209458,0.6448689389268164,0.8333333333333334,0.989539852883154,15.460842946617445,1.4159602161961948,-13.910911100464688,0.09572993185083682,0.13571370089871623,1.417672594922357,fit
NOx,4,random_forest,4,4,197,2,"30, 40, 236, 261","29.315, 57.155, 214.970, 185.225",231.0,155.91,0.6749350649350649,0.8333333333333334,0.9728585697304258,24.800034899989505,1.3075108536758029,-17.329942401033634,0.09026208502095098,0.1340226901352395,1.4848171311811722,fit
NOx,4,xgboost,4,4,197,2,"30, 40, 236, 261","25.719, 53.807, 214.167, 189.421",231.0,163.70205688476562,0.7086669129210633,0.8333333333333334,0.9782168952935898,22.24768329689889,1.2771321251586045,-12.500230976413064,0.090485713534672,0.13342595930572926,1.4745527674333205,fit
NOx,5,pls,4,4,198,2,"14, 47, 206, 275","22.734, 67.050, 141.465, 163.552",261.0,140.8185039012829,0.5395344977060648,1.0,0.9817338723045225,20.629101723582952,1.8811801656471139,-50.17276213917117,0.09978043434142304,0.1951714341338655,1.9560090655252005,fit
NOx,5,random_forest,4,4,198,2,"14, 47, 206, 275","27.535, 77.685, 154.770, 199.475",261.0,171.94,0.6587739463601533,1.0,0.9867852422373548,17.568693748846982,1.6056978501418526,-48.940490678856605,0.09191135272708528,0.17211528927601388,1.8726227410348337,fit
NOx,5,xgboost,4,4,198,2,"14, 47, 206, 275","23.474, 83.133, 144.030, 210.287",261.0,186.81235694885254,0.7157561568921553,1.0,0.9715383836220278,25.684245069868684,1.5159421107638393,-39.183557813056694,0.09633151065731933,0.16857226459237645,1.749918208923761,fit
NOx,6,pls,4,4,107,2,"23, 32, 153, 417","41.012, 68.693, 116.985, 281.426",394.0,240.4140771748513,0.6101880131341403,1.0,0.9950896504004245,15.742960646825464,1.698313294289859,-59.48478168102787,0.10165090678516923,0.10819455675922024,1.0643737491479586,fit
NOx,6,random_forest,4,4,107,2,"23, 32, 153, 417","39.555, 63.930, 123.345, 335.040",394.0,295.485,0.7499619289340101,1.0,0.9958473464124215,14.480231586347239,1.3608188853045255,-34.90082677151344,0.09766327365673265,0.09841207729711066,1.0076671978353902,fit
NOx,6,xgboost,4,4,107,2,"23, 32, 153, 417","33.550, 67.963, 119.368, 314.035",394.0,280.4847221374512,0.7118901577092669,1.0,0.9936258479680989,17.930071937790725,1.4567844123300646,-38.56412691885893,0.0989270602247858,0.10909477022098274,1.1027798660254686,fit
NOx,7,pls,4,4,107,2,"41, 92, 365, 435","21.815, 47.936, 169.299, 248.574",394.0,226.75926977701405,0.5755311415660255,1.0,0.9866732808683885,27.586227396084052,1.8202717645655304,11.348289147970064,0.321197698232573,0.13153228559200797,0.4095056917150384,fit
NOx,7,random_forest,4,4,107,2,"41, 92, 365, 435","35.440, 58.395, 186.225, 279.510",394.0,244.07,0.6194670050761422,1.0,0.9811981208488242,32.72141275092808,1.6805673815759317,-1.8487724271110437,0.29289733700256787,0.13551511767642294,0.4626710473480162,fit
NOx,7,xgboost,4,4,107,2,"41, 92, 365, 435","37.942, 57.721, 192.525, 238.915",394.0,200.97321701049805,0.5100843071332438,1.0,0.9986574523397005,8.78216320450728,1.972927054375226,-26.734042322765788,0.29605759820094457,0.13642538922079744,0.4608069174708389,fit
NOx,8,pls,4,4,105,2,"72, 107, 404, 445","35.378, 98.795, 216.714, 173.084",373.0,137.7065474787476,0.36918645436661557,0.8333333333333334,0.9187447221865798,66.56448944853103,2.2298107589568867,-35.089477865686035,0.34990820475561246,0.1522530589538802,0.4351228604662723,fit
NOx,8,random_forest,4,4,105,2,"72, 107, 404, 445","37.745, 126.725, 245.250, 208.210",373.0,170.465,0.45701072386058983,0.8333333333333334,0.9134588487507916,68.60078950501294,1.927778062771061,-40.8079745820304,0.3212485860048769,0.15476495820071684,0.4817607452391008,fit
NOx,8,xgboost,4,4,105,2,"72, 107, 404, 445","40.658, 97.397, 239.525, 204.863",373.0,164.20498657226562,0.44022784603824566,0.8333333333333334,0.9550752327411746,49.96120119443584,2.0098322012701804,-35.65358861245653,0.33102080174833404,0.1595581854707256,0.4820186061661263,fit
NOx,9,pls,4,4,125,2,"81, 105, 393, 444","20.315, 23.310, 107.698, 106.327",363.0,86.0120814653566,0.23694788282467383,0.8333333333333334,0.9922514133250532,20.372100775300222,3.817710863510217,9.842260271654538,0.4198521114588329,0.2897691287274396,0.6901695164056639,fit
NOx,9,random_forest,4,4,125,2,"81, 105, 393, 444","21.945, 33.215, 111.390, 111.755",363.0,89.81,0.24741046831955923,1.0,0.9933689543261216,18.851128378912655,3.861042046268724,-12.886826671704284,0.3948734600821519,0.3125432170391626,0.7915022118076489,fit
NOx,9,xgboost,4,4,125,2,"81, 105, 393, 444","21.916, 37.375, 107.228, 102.441",363.0,80.52461814880371,0.2218309039911948,0.8333333333333334,0.9838301513930265,29.36687377645588,4.2420827359007784,-29.48712638145014,0.39491615599398555,0.37091617151112305,0.9392276458721835,fit
NOx,10,pls,4,4,110,2,"93, 149, 404, 460","16.304, 16.218, 99.540, 88.507",367.0,72.20332216814312,0.19673929746088042,0.6666666666666666,0.9666506364471654,40.46379810830904,3.9085279369995303,60.974068829220585,0.4585298388959065,0.42045218343951346,0.9169570827755067,held
NOx,10,random_forest,4,4,110,2,"93, 149, 404, 460","37.615, 52.195, 143.800, 132.500",367.0,94.88499999999999,0.25854223433242507,0.8333333333333334,0.9777691837170903,33.130254284336154,3.281648281136128,-23.861063051686926,0.4230235481031335,0.19749901458538682,0.4668747531218674,held
NOx,10,xgboost,4,4,110,2,"93, 149, 404, 460","43.820, 56.316, 145.866, 149.090",367.0,105.2700080871582,0.2868392590930741,1.0,0.9941188870168329,17.1105727208297,3.2108937688621975,-40.64900929161706,0.42626399613644084,0.1977280351905814,0.46386285724983345,held
NOx,11,pls,4,4,142,2,"19, 122, 357, 452","-10.971, 10.698, 149.715, 166.358",433.0,177.32858084243983,0.40953482873542685,1.0,0.9859752033405194,29.071419973981904,2.15565667647405,67.31114247408246,0.3946415121166926,0.11821393128437667,0.29954763413085056,held
NOx,11,random_forest,4,4,142,2,"19, 122, 357, 452","31.360, 44.535, 154.470, 199.485",433.0,168.125,0.3882794457274827,1.0,0.989105430944054,25.6427723747362,2.4108868023447187,-21.579922996969344,0.35848952786713284,0.14211892914784297,0.3964381609510127,held
NOx,11,xgboost,4,4,142,2,"19, 122, 357, 452","25.904, 49.634, 160.225, 221.600",433.0,195.69582557678223,0.4519534077985733,1.0,0.9914996217598329,22.66419442966025,2.1581532011391364,-9.265306842799731,0.35622316762924944,0.16128162231524043,0.45275444432378803,held
NOx,12,pls,4,4,159,2,"59, 131, 388, 456","-8.408, 28.560, 140.437, 120.053",397.0,128.4606199363287,0.32357838774893877,0.8333333333333334,0.9643902049509968,44.22355069600648,2.604615633921522,75.75886924768957,0.41487345943310067,0.17030134162177682,0.41048984395020893,held
NOx,12,random_forest,4,4,159,2,"59, 131, 388, 456","36.165, 51.880, 149.560, 106.705",397.0,70.53999999999999,0.17768261964735516,0.8333333333333334,0.8833347404253963,78.3771606976153,3.2789337218675323,-23.742417444052535,0.37966354168545574,0.19795115136522015,0.5213857261259471,held
NOx,12,xgboost,4,4,159,2,"59, 131, 388, 456","37.471, 48.822, 166.983, 121.202",397.0,83.73104858398438,0.21090944227703873,0.8333333333333334,0.8961767263963115,74.18938261707363,2.8189761162344804,-5.410954843659567,0.3870422533581194,0.18824775781548084,0.4863752114457137,held
NOx,13,pls,4,4,174,2,"93, 107, 371, 408","40.031, 33.002, 138.480, 146.871",315.0,106.83925305789874,0.3391722319298373,0.8333333333333334,0.9961534997293812,12.74284577773124,2.721981529818093,0.8711872552531474,0.35562241604763006,0.14331372356480312,0.4029940664527978,held
NOx,13,random_forest,4,4,174,2,"93, 107, 371, 408","49.170, 74.865, 139.665, 173.960",315.0,124.79,0.39615873015873015,1.0,0.9762370378826154,31.51420684090768,2.853056370703821,-67.41716280055857,0.32199261808799395,0.1382171295026643,0.42925558456402996,held
NOx,13,xgboost,4,4,174,2,"93, 107, 371, 408","48.411, 59.935, 135.231, 173.060",315.0,124.64874267578125,0.39571029420882936,1.0,0.9844245505443021,25.56666998926435,2.758111932655412,-42.53340236567425,0.3319397410356828,0.14247565384823407,0.4292214406256292,held
CO,4,pls,5,5,201,3,"0.6, 0.7, 1, 3.4, 4.1","0.648, 0.575, 1.282, 3.338, 3.371",3.4999999999999996,2.723578695936806,0.7781653416962303,0.9,0.9834250387986652,0.2690805180681243,1.1595753366813846,-0.17695689365601752,0.05838235202647815,0.06257405205247447,1.0717973819227986,fit
CO,4,random_forest,5,5,201,3,"0.6, 0.7, 1, 3.4, 4.1","0.738, 0.574, 1.088, 3.612, 3.890",3.4999999999999996,3.1515000000000057,0.9004285714285731,0.9,0.9941552420568674,0.1602178303783049,1.0119619929469394,-0.044190727031415244,0.05468793442593043,0.054034099935052315,0.9880442642834926,fit
CO,4,xgboost,5,5,201,3,"0.6, 0.7, 1, 3.4, 4.1","0.636, 0.586, 1.325, 3.707, 3.685",3.4999999999999996,3.0489339232444763,0.8711239780698505,0.8,0.9828679294115052,0.27352682291788377,1.0279353496772472,-0.083506212249284,0.05684906063685379,0.056367546132199804,0.9915299479136541,fit
CO,5,pls,5,5,139,3,"0.4, 0.7, 0.9, 2.5, 3.8","0.353, 0.576, 1.105, 2.071, 2.789",3.4,2.436272499439246,0.7165507351291901,1.0,0.9853651707681635,0.22056857461768828,1.384641079528905,-0.2489132792510036,0.08221747214460884,0.1233850342249048,1.5007154927834325,fit
CO,5,random_forest,5,5,139,3,"0.4, 0.7, 0.9, 2.5, 3.8","0.454, 0.845, 0.928, 2.290, 3.203",3.4,2.7489999999999983,0.8085294117647054,1.0,0.9981566390595263,0.07853252536680831,1.2469112921368184,-0.2656051084468882,0.07339079882735972,0.10121444924424694,1.3791163314946058,fit
CO,5,xgboost,5,5,139,3,"0.4, 0.7, 0.9, 2.5, 3.8","0.536, 0.800, 1.038, 2.223, 3.090",3.4,2.554113805294037,0.7512099427335402,1.0,0.9984736622703327,0.07146676799698325,1.3359994162432272,-0.39394415497467916,0.06901079027550669,0.10259208776103008,1.4866093744392617,fit
CO,6,pls,5,5,134,3,"0.5, 0.7, 0.9, 1.9, 3.5","0.117, 0.194, 0.555, 1.765, 3.464",3.0,3.3467126005277654,1.1155708668425885,1.0,0.9985050207154383,0.06067021907549463,0.873786365709101,0.4350868788381155,0.06155537155623999,0.0660555552188679,1.0731078953607862,fit
CO,6,random_forest,5,5,134,3,"0.5, 0.7, 0.9, 1.9, 3.5","0.451, 0.702, 1.022, 1.641, 3.859",3.0,3.407000000000001,1.135666666666667,1.0,0.9899572081694902,0.15691138398378504,0.8946860448879536,0.12674638970148067,0.04761807771896755,0.04676789936755801,0.9821458909696624,fit
CO,6,xgboost,5,5,134,3,"0.5, 0.7, 0.9, 1.9, 3.5","0.375, 0.637, 1.098, 1.524, 3.859",3.0,3.4837470948696136,1.1612490316232045,1.0,0.9826741664894211,0.20572074872905846,0.8768369026903237,0.18619463027521133,0.052885421736398215,0.05444772535913933,1.029541290802752,fit
CO,7,pls,5,5,139,3,"0.6, 0.8, 1, 3.7, 6.1","0.820, 0.286, 0.546, 3.123, 4.726",5.5,3.906228561426351,0.7102233748047911,0.8,0.9886050481666449,0.32378155560821853,1.224181560021378,0.11390087638400548,0.08577101362679913,0.08617464243896009,1.0047058883309599,fit
CO,7,random_forest,5,5,139,3,"0.6, 0.8, 1, 3.7, 6.1","0.886, 0.589, 0.801, 3.536, 4.976",5.5,4.090000000000002,0.743636363636364,0.8,0.9907568883139027,0.2917694411677983,1.2002766189158856,-0.14959680531102393,0.059380639726978324,0.08741059431075038,1.4720386090929438,fit
CO,7,xgboost,5,5,139,3,"0.6, 0.8, 1, 3.7, 6.1","0.869, 0.478, 0.904, 3.300, 4.622",5.5,3.7537821531295776,0.6825058460235596,0.9,0.989362981083998,0.31288775811547537,1.30176484200475,-0.20836770885802158,0.06978577247227824,0.1093979787518342,1.5676258193644206,fit
CO,8,pls,5,5,141,3,"0.5, 1.3, 1.5, 4.6, 6.8","0.354, 1.066, 1.452, 4.157, 5.728",6.3,5.3738247917483655,0.8529880621822803,1.0,0.9979401063309448,0.15281768180852198,1.162420579398964,-0.025863621998283293,0.058881844249911656,0.05719855648027214,0.9714124482498347,fit
CO,8,random_forest,5,5,141,3,"0.5, 1.3, 1.5, 4.6, 6.8","0.707, 1.392, 1.625, 4.609, 6.257",6.3,5.549500000000005,0.8808730158730168,1.0,0.9987013903182367,0.12135935201460309,1.1118892422759659,-0.30449280896127195,0.04861790457862202,0.053815899331982005,1.1069152362367674,fit
CO,8,xgboost,5,5,141,3,"0.5, 1.3, 1.5, 4.6, 6.8","0.741, 1.263, 1.438, 4.416, 6.018",6.3,5.277320384979248,0.8376699023776585,1.0,0.9982719865903485,0.13997833636984344,1.1488525043040436,-0.2486093516087866,0.05331421583833819,0.05915869736005909,1.1096233233448056,fit
CO,9,pls,5,5,202,3,"0.7, 1, 1.4, 4.7, 5.1","0.138, 0.324, 0.766, 3.384, 4.386",4.3999999999999995,4.24840260040934,0.9655460455475773,1.0,0.9930523270193309,0.22492593480595072,1.0884030457914706,0.6213092342912068,0.1327562316483089,0.08998259786948018,0.6778031942625302,fit
CO,9,random_forest,5,5,202,3,"0.7, 1, 1.4, 4.7, 5.1","0.511, 0.763, 1.234, 3.649, 4.741",4.3999999999999995,4.229500000000006,0.9612500000000015,1.0,0.990095298653235,0.26836021344991323,1.1150173143062352,0.14970826173812934,0.09124222641344396,0.07916333724573003,0.8676173341827378,fit
CO,9,xgboost,5,5,202,3,"0.7, 1, 1.4, 4.7, 5.1","0.412, 0.691, 1.354, 3.335, 4.458",4.3999999999999995,4.045772284269333,0.919493700970303,1.0,0.9834708123414543,0.34609805723954445,1.1908114142363362,0.13888182083008305,0.09634483265133527,0.08264890004234254,0.8578446582749562,fit
CO,10,pls,5,5,146,3,"0.7, 1.1, 1.4, 3.6, 4.8","0.355, 0.241, 1.039, 1.899, 3.869",4.1,3.5142232402098186,0.8571276195633705,0.9,0.9588702678817188,0.45322807368473395,1.1490166315052184,0.618777562833259,0.17565509530075818,0.09728128136251074,0.553819866118571,held
CO,10,random_forest,5,5,146,3,"0.7, 1.1, 1.4, 3.6, 4.8","0.561, 0.765, 1.306, 2.561, 4.035",4.1,3.474000000000002,0.8473170731707322,1.0,0.9888301849167968,0.23798953930214184,1.2171187176468636,0.07368569471094855,0.13009432826443795,0.09140985678956254,0.7026429054136556,held
CO,10,xgboost,5,5,146,3,"0.7, 1.1, 1.4, 3.6, 4.8","0.596, 0.778, 1.449, 2.635, 4.026",4.1,3.4306180477142334,0.8367361091985935,1.0,0.987425269189461,0.2524240772361065,1.2293178939552467,-0.012017235373722901,0.1293286642113204,0.09511440942564421,0.7354472421537519,held
CO,11,pls,5,5,189,3,"0.5, 0.8, 1, 4.3, 5.7","-0.493, 0.140, 0.268, 3.281, 4.046",5.2,4.539501359272441,0.8729810306293155,1.0,0.9945860433236393,0.2209877815865911,1.1477331275502354,0.7974480641093629,0.1442547854127872,0.11873103019373553,0.8230647590233138,held
CO,11,random_forest,5,5,189,3,"0.5, 0.8, 1, 4.3, 5.7","0.343, 0.745, 0.760, 3.320, 4.665",5.2,4.321000000000003,0.8309615384615391,1.0,0.9986230407788711,0.11156050473782606,1.2387846969760823,0.023682136457138014,0.09997768915832106,0.11697910662129696,1.1700521146878387,held
CO,11,xgboost,5,5,189,3,"0.5, 0.8, 1, 4.3, 5.7","0.394, 0.482, 0.703, 3.133, 4.118",5.2,3.7239767611026764,0.71614937713513,1.0,0.9996130547234519,0.059153744712698464,1.3688104986312504,0.0425874095152885,0.1093478810070328,0.1401680456870911,1.281854247162559,held
CO,12,pls,5,5,189,3,"0.4, 1, 1.1, 3.1, 5.4","-0.358, 0.320, 0.531, 2.105, 3.872",5.0,4.230903076064804,0.8461806152129607,1.0,0.9975049621235293,0.12994339392949666,1.2070518578230467,0.6380531387016983,0.16441286544505976,0.09783421035271335,0.5950520361522782,held
CO,12,random_forest,5,5,189,3,"0.4, 1, 1.1, 3.1, 5.4","0.316, 0.928, 0.973, 2.575, 4.439",5.0,4.123000000000004,0.8246000000000008,1.0,0.9996281749115646,0.050189823620304136,1.2293762778994122,-0.06955154663010621,0.09435807578217419,0.08081664824193362,0.8564889393092227,held
CO,12,xgboost,5,5,189,3,"0.4, 1, 1.1, 3.1, 5.4","0.323, 0.966, 0.994, 2.483, 4.007",5.0,3.6836891770362854,0.7367378354072571,1.0,0.9980633069202468,0.11450032604965872,1.3806265443267538,-0.22245146624847711,0.09286004125027851,0.07534652742316746,0.8113988149121296,held
CO,13,pls,5,5,209,3,"0.5, 0.7, 0.9, 3.5, 4.9","-0.381, -0.163, 0.483, 2.693, 3.389",4.4,3.7705896946549795,0.8569522033306771,1.0,0.9874191206693566,0.28073291469013617,1.1366107412867492,0.7314493250515084,0.11746482053839877,0.11615028445250151,0.9888091082941081,held
CO,13,random_forest,5,5,209,3,"0.5, 0.7, 0.9, 3.5, 4.9","0.466, 0.633, 0.920, 3.454, 3.463",4.4,2.997499999999997,0.6812499999999992,1.0,0.9683310544539446,0.4432604451395502,1.2525195061045624,-0.1387533652112931,0.07867302544505335,0.09090604566491833,1.155491925608082,held
CO,13,xgboost,5,5,209,3,"0.5, 0.7, 0.9, 3.5, 4.9","0.460, 0.702, 0.894, 3.295, 3.005",4.4,2.544581353664398,0.5783139440146359,0.9,0.9461110864952283,0.5749454369399755,1.3783746724993458,-0.20360354149818827,0.08675620963472962,0.09829824875682361,1.1330399192252583,held
NO2,4,pls,5,5,191,3,"45, 54, 73, 147, 177","59.407, 63.861, 72.407, 92.988, 131.467",132.0,72.05941653670695,0.5459046707326284,1.0,0.9555383665725424,15.605559028591868,1.9172600523308865,-61.89938022988922,0.1409191149857765,0.1190823467035905,0.8450404099941298,fit
NO2,4,random_forest,5,5,191,3,"45, 54, 73, 147, 177","51.095, 62.935, 68.405, 111.875, 141.660",132.0,90.565,0.6860984848484848,1.0,0.992700518620982,6.382935749017818,1.539861882640283,-35.06671699493684,0.11318504820447957,0.10889986406268021,0.9621400157549276,fit
NO2,4,xgboost,5,5,191,3,"45, 54, 73, 147, 177","53.562, 63.001, 70.643, 110.533, 138.652",132.0,85.09054183959961,0.6446253169666637,1.0,0.9940490028407354,5.7652246947109385,1.6340162126249258,-43.413975976561446,0.11248499689141202,0.11466235356718044,1.019356863012321,fit
NO2,5,pls,5,5,195,3,"48, 56, 69, 142, 154","50.545, 64.051, 72.204, 131.598, 122.048",106.0,71.50239582913422,0.674550904048436,0.9,0.980952344712098,8.725544336118297,1.3552167801726909,-25.579922666621982,0.13596374370794925,0.11462457293395206,0.8430524918478721,fit
NO2,5,random_forest,5,5,195,3,"48, 56, 69, 142, 154","39.675, 64.035, 64.910, 120.985, 114.480",106.0,74.805,0.7057075471698114,0.9,0.9706185477942552,10.808680163064333,1.3823420958945964,-17.91674116391357,0.12210204675528838,0.11093961589928748,0.9085811323181817,fit
NO2,5,xgboost,5,5,195,3,"48, 56, 69, 142, 154","40.153, 55.020, 76.213, 132.632, 118.842",106.0,78.6894416809082,0.7423532234047944,0.9,0.9629875826724948,12.1078562321559,1.2090225058462236,-8.449742993878928,0.12546685362075863,0.10803421040503564,0.8610577797031905,fit
NO2,6,pls,5,5,107,3,"27, 38, 46, 92, 118","116.603, 62.772, 57.958, 91.991, 112.334",91.0,-4.268629699237209,-0.04690801867293636,0.5,0.3686835082781174,32.38482055015352,0.5274982456319041,17.605277745269838,0.14562709919080236,0.15138594922041682,1.0395451812307896,fit
NO2,6,random_forest,5,5,107,3,"27, 38, 46, 92, 118","117.320, 58.310, 57.670, 95.055, 107.660",91.0,-9.659999999999997,-0.10615384615384611,0.5,0.3445407178133632,32.70591087599671,0.4825242906522846,22.122434282248832,0.12916082518748756,0.14599671535728181,1.1303482704245313,fit
NO2,6,xgboost,5,5,107,3,"27, 38, 46, 92, 118","122.641, 61.028, 60.595, 96.501, 110.944",91.0,-11.697265625,-0.1285413804945055,0.5,0.31242971584624013,33.09504587643345,0.4269439255872242,25.629149867890924,0.13781996125985474,0.15558883828079625,1.1289281817997243,fit
NO2,7,pls,5,5,123,3,"45, 57, 71, 146, 173","62.310, 71.648, 83.734, 130.889, 153.149",128.0,90.83976929508523,0.7096856976178534,1.0,0.9989016182063986,2.402724657216946,1.4467662706995663,-46.7773032872696,0.11757265763449874,0.10601415901514866,0.901690589870969,fit
NO2,7,random_forest,5,5,123,3,"45, 57, 71, 146, 173","42.815, 60.095, 69.125, 125.475, 152.505",128.0,109.69,0.856953125,1.0,0.9974687104122094,3.6462172511589337,1.2246489720434843,-11.822081430829712,0.1318241008732545,0.11672290498166549,0.8854443474937226,fit
NO2,7,xgboost,5,5,123,3,"45, 57, 71, 146, 173","46.212, 62.389, 72.495, 120.292, 140.637",128.0,94.42525482177734,0.7376973032951355,1.0,0.996534469112159,4.2653524769466165,1.4221842215575604,-27.32830612989798,0.1333209424912854,0.11870006087065024,0.8903331963649233,fit
NO2,8,pls,5,5,144,3,"44, 56, 62, 130, 157","77.353, 65.590, 113.201, 165.192, 152.425",113.0,75.07175864891886,0.6643518464506094,0.8,0.897813613695786,19.83627141458892,1.0251272089432826,-27.835859000975702,0.24073910782434163,0.1240192704204217,0.515160463712086,fit
NO2,8,random_forest,5,5,144,3,"44, 56, 62, 130, 157","60.900, 54.960, 113.650, 134.775, 140.205",113.0,79.305,0.7018141592920355,0.9,0.8618090795452417,22.847783210288437,1.0712744207352427,-18.28944650334452,0.19541978375830119,0.1514304380185381,0.7748981966218429,fit
NO2,8,xgboost,5,5,144,3,"44, 56, 62, 130, 157","67.542, 55.303, 111.824, 147.078, 133.905",113.0,66.36365509033203,0.5872889831002834,0.8,0.841748202559013,24.317907136922237,1.0509371874860196,-18.583494835369976,0.19243230966216818,0.13704702919121953,0.7121830498829309,fit
NO2,9,pls,5,5,176,3,"59, 75, 90, 173, 187","52.770, 94.863, 125.287, 172.822, 136.504",128.0,83.73481038701024,0.6541782061485175,0.9,0.8369853723987796,28.845364207531208,1.090822753162973,-10.225501208641646,0.1326317536492991,0.1337705445550895,1.0085861105991372,fit
NO2,9,random_forest,5,5,176,3,"59, 75, 90, 173, 187","53.505, 51.905, 101.035, 136.800, 122.680",128.0,69.17500000000001,0.5404296875000001,0.8,0.9039875094725344,22.5375033771698,1.362862104982546,-10.198305252798562,0.17182661672497962,0.14343129347617523,0.8347443266356511,fit
NO2,9,xgboost,5,5,176,3,"59, 75, 90, 173, 187","55.241, 60.790, 95.660, 150.862, 118.828",128.0,63.58707809448242,0.4967740476131439,0.9,0.9015918498329483,22.80258469294343,1.3250720648830316,-10.77301750790339,0.172052570540527,0.13371115018041074,0.7771528769395227,fit
NO2,10,pls,5,5,138,3,"67, 74, 90, 167, 193","86.938, 86.919, 104.169, 160.043, 167.787",126.0,80.84882415023611,0.6416573345256834,0.9,0.9942182019751994,5.547807333768626,1.4450164264334142,-56.89406658838256,0.0937224626065149,0.11756898973251892,1.2544376925531873,held
NO2,10,random_forest,5,5,138,3,"67, 74, 90, 167, 193","75.140, 52.915, 85.370, 111.610, 124.330",126.0,49.19,0.39039682539682535,0.9,0.93237229231864,18.677180175753566,1.8856820256196987,-51.27190068851918,0.18566883120529887,0.14691070333222378,0.7912512960766193,held
NO2,10,xgboost,5,5,138,3,"67, 74, 90, 167, 193","68.711, 60.025, 86.901, 107.681, 121.124",126.0,52.41278839111328,0.4159745110405816,0.9,0.959744462894872,14.51162710052284,2.1593989155301125,-73.74567000724257,0.1992833634394797,0.15981835439842462,0.8019653604800775,held
NO2,11,pls,5,5,182,3,"50, 90, 109, 175, 183","78.627, 95.802, 106.017, 165.843, 188.941",133.0,110.31450342580618,0.8294323565850089,1.0,0.9773842443430293,10.74356594563843,1.1639904163941581,-26.480438388670848,0.12472404831591001,0.13073184055668433,1.0481686757437294,held
NO2,11,random_forest,5,5,182,3,"50, 90, 109, 175, 183","33.360, 66.935, 82.020, 125.585, 137.160",133.0,103.8,0.7804511278195488,1.0,0.9980180782047493,3.1969830308538665,1.3279435488247175,3.197088832014245,0.257063968293055,0.14144958987782605,0.550250549764222,held
NO2,11,xgboost,5,5,182,3,"50, 90, 109, 175, 183","40.634, 69.290, 85.247, 118.552, 123.758",133.0,83.12361526489258,0.6249895884578389,1.0,0.9953713670659524,4.882425285496242,1.630080450382137,-21.225770155239985,0.2591877447290878,0.13069403859169104,0.5042446691617194,held
NO2,12,pls,5,5,144,3,"60, 100, 108, 182, 191","84.341, 87.883, 130.015, 147.961, 142.454",131.0,58.11241834655799,0.44360624692029,0.9,0.8853571712555943,23.424157615158357,1.644595670243515,-66.73557241887849,0.17836283798582733,0.13881176385032998,0.7782549628491554,held
NO2,12,random_forest,5,5,144,3,"60, 100, 108, 182, 191","58.425, 64.240, 79.955, 100.095, 98.775",131.0,40.35000000000001,0.3080152671755726,0.9,0.9670769578374251,12.821958619789797,2.841983703791077,-100.0056074470159,0.3532057076496466,0.20559979034914413,0.5820964551147163,held
NO2,12,xgboost,5,5,144,3,"60, 100, 108, 182, 191","61.792, 68.632, 84.180, 95.541, 88.800",131.0,27.008438110351562,0.20617128328512643,0.9,0.9013191637963703,21.824165157249528,3.5969397542351196,-158.79570442414888,0.3475386021906975,0.22643494202816275,0.6515389674724994,held
NO2,13,pls,5,5,194,3,"61, 86, 94, 168, 181","72.381, 95.467, 101.694, 126.202, 172.450",120.0,100.06929212478846,0.8339107677065705,1.0,0.9329080895116832,17.133280454453526,1.3041304370572557,-30.19998884893357,0.14411850894787623,0.12896043237915358,0.8948221385345798,held
NO2,13,random_forest,5,5,194,3,"61, 86, 94, 168, 181","50.055, 78.900, 72.865, 102.250, 136.970",120.0,86.91499999999999,0.7242916666666666,0.9,0.9424636931983628,15.905498624682266,1.5197588430843254,-16.054888030782166,0.2511566141493447,0.14507686497907815,0.5776350563987593,held
NO2,13,xgboost,5,5,194,3,"61, 86, 94, 168, 181","46.422, 81.247, 77.875, 90.489, 126.883",120.0,80.4609146118164,0.6705076217651367,0.9,0.8792474156872387,22.664181557509455,1.619374292242774,-18.97190423167885,0.2589187062140269,0.14621096952502902,0.5646983629068824,held
NOx,4,pls,5,5,197,3,"30, 40, 66, 236, 261","29.239, 41.348, 58.894, 190.942, 178.204",231.0,148.96472489209458,0.6448689389268164,0.9,0.9904059815189712,13.892586248558944,1.4217558593302362,-15.18504480593279,0.09572993185083682,0.13504069969281612,1.4106423882473043,fit
NOx,4,random_forest,5,5,197,3,"30, 40, 66, 236, 261","29.315, 57.155, 89.215, 214.970, 185.225",231.0,155.91,0.6749350649350649,0.9,0.9665951345307817,25.76762170398129,1.3404282632757862,-27.785165651051955,0.09026208502095098,0.1296327022579627,1.4361811188814582,fit
NOx,4,xgboost,5,5,197,3,"30, 40, 66, 236, 261","25.719, 53.807, 87.584, 214.167, 189.421",231.0,163.70205688476562,0.7086669129210633,0.9,0.971476326884684,23.84023328809226,1.3089539179106642,-22.803695801014896,0.090485713534672,0.12860646785026886,1.4212903101105556,fit
NOx,5,pls,5,5,198,3,"14, 47, 61, 206, 275","22.734, 67.050, 48.160, 141.465, 163.552",261.0,140.8185039012829,0.5395344977060648,0.9,0.980433239400593,19.971532867887444,1.8251624557353878,-41.09498660249861,0.09978043434142304,0.19546746951147162,1.9589759335245234,fit
NOx,5,random_forest,5,5,198,3,"14, 47, 61, 206, 275","27.535, 77.685, 44.590, 154.770, 199.475",261.0,171.94,0.6587739463601533,0.9,0.978425472961554,20.960532887889983,1.5064101550059903,-31.262714136308915,0.09191135272708528,0.16998936434808506,1.8494925741419432,fit
NOx,5,xgboost,5,5,198,3,"14, 47, 61, 206, 275","23.474, 83.133, 50.298, 144.030, 210.287",261.0,186.81235694885254,0.7157561568921553,0.9,0.9701274716132787,24.612457824127272,1.461141483938364,-28.793656442552134,0.09633151065731933,0.16777587530463353,1.741651035676827,fit
NOx,6,pls,5,5,107,3,"23, 32, 40, 153, 417","41.012, 68.693, 33.763, 116.985, 281.426",394.0,240.4140771748513,0.6101880131341403,0.8,0.990242205182404,20.85760547476774,1.622904520730872,-42.88330230651681,0.10165090678516923,0.1090538491708332,1.0728271160562244,fit
NOx,6,random_forest,5,5,107,3,"23, 32, 40, 153, 417","39.555, 63.930, 35.835, 123.345, 335.040",394.0,295.485,0.7499619289340101,0.8,0.9941387326916102,16.181139065348283,1.3260661607555235,-25.519274922876008,0.09766327365673265,0.10043046451899973,1.0283339965849723,fit
NOx,6,xgboost,5,5,107,3,"23, 32, 40, 153, 417","33.550, 67.963, 39.215, 119.368, 314.035",394.0,280.4847221374512,0.7118901577092669,0.9,0.9928088315427924,17.917119595153654,1.4268929257302803,-30.844527144342294,0.0989270602247858,0.11093688694317119,1.121400824921879,fit
NOx,7,pls,5,5,107,3,"41, 92, 132, 365, 435","21.815, 47.936, 94.988, 169.299, 248.574",394.0,226.75926977701405,0.5755311415660255,1.0,0.9786995462128224,32.22247351262968,1.8530191445117408,-2.918078284520334,0.321197698232573,0.14235651684487505,0.4432052833136976,fit
NOx,7,random_forest,5,5,107,3,"41, 92, 132, 365, 435","35.440, 58.395, 87.860, 186.225, 279.510",394.0,244.07,0.6194670050761422,1.0,0.9818639745889611,29.75654469288271,1.694462782257301,-6.4092078233689165,0.29289733700256787,0.13847602709564671,0.47278008230724433,fit
NOx,7,xgboost,5,5,107,3,"41, 92, 132, 365, 435","37.942, 57.721, 73.110, 192.525, 238.915",394.0,200.97321701049805,0.5100843071332438,1.0,0.9981220978644264,9.614396082536695,1.9518103643064566,-21.30050896666077,0.29605759820094457,0.13384135723260066,0.45207877806857666,fit
NOx,8,pls,5,5,105,3,"72, 107, 150, 404, 445","35.378, 98.795, 89.366, 216.714, 173.084",373.0,137.7065474787476,0.36918645436661557,0.8,0.924389174221368,59.78860151544182,2.2526383830016594,-40.72551262467758,0.34990820475561246,0.15421149405770174,0.44071985727058954,fit
NOx,8,random_forest,5,5,105,3,"72, 107, 150, 404, 445","37.745, 126.725, 79.920, 245.250, 208.210",373.0,170.465,0.45701072386058983,0.8,0.9161156465803537,62.83929316546276,1.854656495659762,-23.254407099232964,0.3212485860048769,0.14458747623053889,0.45007972806561675,fit
NOx,8,xgboost,5,5,105,3,"72, 107, 150, 404, 445","40.658, 97.397, 65.976, 239.525, 204.863",373.0,164.20498657226562,0.44022784603824566,0.8,0.9504797145854805,48.71270433602527,1.8998931104272456,-10.785557698462384,0.33102080174833404,0.14657306633900116,0.4427911042594737,fit
NOx,9,pls,5,5,125,3,"81, 105, 149, 393, 444","20.315, 23.310, 84.084, 107.698, 106.327",363.0,86.0120814653566,0.23694788282467383,0.9,0.8764998864703284,73.53176639007992,3.4398578115194,-0.7029617142911491,0.4198521114588329,0.2209353686076883,0.5262218828435054,fit
NOx,9,random_forest,5,5,125,3,"81, 105, 149, 393, 444","21.945, 33.215, 87.025, 111.390, 111.755",363.0,89.81,0.24741046831955923,1.0,0.8870056899500485,70.53130855609072,3.530889151032668,-23.587946709352906,0.3948734600821519,0.23260405863150857,0.5890597422858356,fit
NOx,9,xgboost,5,5,125,3,"81, 105, 149, 393, 444","21.916, 37.375, 87.835, 107.228, 102.441",363.0,80.52461814880371,0.2218309039911948,0.9,0.852254169880593,79.90518400831917,3.719790986471917,-31.040258559076534,0.39491615599398555,0.2624256798744399,0.6645098608688892,fit
NOx,10,pls,5,5,110,3,"93, 149, 166, 404, 460","16.304, 16.218, 59.995, 99.540, 88.507",367.0,72.20332216814312,0.19673929746088042,0.8,0.9046085997172681,63.114286894639264,3.8264999808021574,39.68383545012492,0.4585298388959065,0.3662113090015919,0.7986640736040029,held
NOx,10,random_forest,5,5,110,3,"93, 149, 166, 404, 460","37.615, 52.195, 67.980, 143.800, 132.500",367.0,94.88499999999999,0.25854223433242507,0.9,0.9758474346638658,32.34659222809764,3.3488889599815614,-36.343841727679234,0.4230235481031335,0.19513312562958537,0.4612819463705405,held
NOx,10,xgboost,5,5,110,3,"93, 149, 166, 404, 460","43.820, 56.316, 59.077, 145.866, 149.090",367.0,105.2700080871582,0.2868392590930741,1.0,0.9937114574343788,16.57968793582794,3.1611726974946506,-32.740589753619446,0.42626399613644084,0.195856416541772,0.4594721072315975,held
NOx,11,pls,5,5,142,3,"19, 122, 154, 357, 452","-10.971, 10.698, 13.974, 149.715, 166.358",433.0,177.32858084243983,0.40953482873542685,1.0,0.9775348684283792,33.585303480143864,2.053452083589366,85.36526078893542,0.3946415121166926,0.1114115144175358,0.2823106819654396,held
NOx,11,random_forest,5,5,142,3,"19, 122, 154, 357, 452","31.360, 44.535, 39.740, 154.470, 199.485",433.0,168.125,0.3882794457274827,0.9,0.9722586077535225,37.27166340807298,2.2315449039473925,11.217765711068836,0.35848952786713284,0.11857498054277067,0.33076274570206743,held
NOx,11,xgboost,5,5,142,3,"19, 122, 154, 357, 452","25.904, 49.634, 48.483, 160.225, 221.600",433.0,195.69582557678223,0.4519534077985733,0.9,0.9822096808131313,29.922604013097832,2.0519517273707972,13.205530824527244,0.35622316762924944,0.14186047601265434,0.3982348395719734,held
NOx,12,pls,5,5,159,3,"59, 131, 144, 388, 456","-8.408, 28.560, 32.257, 140.437, 120.053",397.0,128.4606199363287,0.32357838774893877,0.9,0.9667119926012064,40.02028222545704,2.6336416789396875,70.78718617114535,0.41487345943310067,0.17140179425072302,0.4131423458249972,held
NOx,12,random_forest,5,5,159,3,"59, 131, 144, 388, 456","36.165, 51.880, 66.950, 149.560, 106.705",397.0,70.53999999999999,0.17768261964735516,0.9,0.884416963042543,72.99639582910218,3.373163364664573,-41.84943307039046,0.37966354168545574,0.19976761569148507,0.5261701315976999,held
NOx,12,xgboost,5,5,159,3,"59, 131, 144, 388, 456","37.471, 48.822, 62.097, 166.983, 121.202",397.0,83.73104858398438,0.21090944227703873,0.9,0.9033252199271058,67.09327042056483,2.8724202830527785,-15.204950113911707,0.3870422533581194,0.19231361819731022,0.49688016367393295,held
NOx,13,pls,5,5,174,3,"93, 107, 146, 371, 408","40.031, 33.002, 68.466, 138.480, 146.871",315.0,106.83925305789874,0.3391722319298373,0.9,0.9892918128146347,19.840111443207626,2.781623702513613,-12.46728967985959,0.35562241604763006,0.1520203024107622,0.42747671561401646,held
NOx,13,random_forest,5,5,174,3,"93, 107, 146, 371, 408","49.170, 74.865, 71.415, 139.665, 173.960",315.0,124.79,0.39615873015873015,0.9,0.9778953951928354,28.423654770024054,2.8264863452624347,-62.778707242894825,0.32199261808799395,0.13506015387034004,0.41945108764397476,held
NOx,13,xgboost,5,5,174,3,"93, 107, 146, 371, 408","48.411, 59.935, 52.528, 135.231, 173.060",315.0,124.64874267578125,0.39571029420882936,0.9,0.9787374246390428,27.882961518922666,2.618432963821448,-20.696072025802493,0.3319397410356828,0.1304241311364932,0.3929150837123564,held
CO,4,pls,6,6,201,4,"0.6, 0.7, 1, 2.5, 3.4, 4.1","0.648, 0.575, 1.282, 2.732, 3.338, 3.371",3.4999999999999996,2.723578695936806,0.7781653416962303,0.9333333333333333,0.9753703548418484,0.3020998209562953,1.1171559558973245,-0.17435031606928808,0.05838235202647815,0.0578819465304383,0.9914288226035686,fit
CO,4,random_forest,6,6,201,4,"0.6, 0.7, 1, 2.5, 3.4, 4.1","0.738, 0.574, 1.088, 3.239, 3.613, 3.890",3.4999999999999996,3.151500000000005,0.9004285714285729,0.9333333333333333,0.9762735706616987,0.2965765769254863,0.9475075412920457,-0.025357351276678042,0.05468793442593043,0.05342785282207529,0.9769586908505056,fit
CO,4,xgboost,6,6,201,4,"0.6, 0.7, 1, 2.5, 3.4, 4.1","0.636, 0.586, 1.325, 3.341, 3.707, 3.685",3.4999999999999996,3.0489339232444763,0.8711239780698505,0.8666666666666667,0.9592541376181003,0.3869762108215987,0.9451175460475071,-0.04206952714323675,0.05684906063685379,0.05638012563014106,0.9917512268195909,fit
CO,5,pls,6,6,139,4,"0.4, 0.7, 0.9, 2.4, 2.5, 3.8","0.353, 0.576, 1.105, 2.201, 2.071, 2.789",3.4,2.436272499439246,0.7165507351291901,0.9333333333333333,0.9793701831926716,0.24511784723253988,1.3276552026550208,-0.22908040719763756,0.08221747214460884,0.11056285551369534,1.344761066348902,fit
CO,5,random_forest,6,6,139,4,"0.4, 0.7, 0.9, 2.4, 2.5, 3.8","0.454, 0.845, 0.928, 2.320, 2.290, 3.203",3.4,2.749,0.8085294117647059,0.9333333333333333,0.9960290132327572,0.1079931927099517,1.2219543990656714,-0.2616073535030674,0.07339079882735973,0.09481933943539926,1.2919785715706242,fit
CO,5,xgboost,6,6,139,4,"0.4, 0.7, 0.9, 2.4, 2.5, 3.8","0.536, 0.800, 1.038, 2.325, 2.223, 3.090",3.4,2.554113805294037,0.7512099427335402,0.9333333333333333,0.9943872476877533,0.1283383404496791,1.2964920234178525,-0.38010607219583115,0.06901079027550669,0.09301380042260232,1.3478153206371088,fit
CO,6,pls,6,6,134,4,"0.5, 0.7, 0.9, 1.7, 1.9, 3.5","0.117, 0.194, 0.555, 1.616, 1.765, 3.464",3.0,3.3467126005277654,1.1155708668425885,1.0,0.997080654722029,0.0775759559870497,0.8678392849913006,0.4182382469643158,0.06155537155623999,0.06362639678710176,1.033644914789761,fit
CO,6,random_forest,6,6,134,4,"0.5, 0.7, 0.9, 1.7, 1.9, 3.5","0.451, 0.701, 1.022, 1.857, 1.641, 3.859",3.0,3.4070000000000022,1.1356666666666675,0.9333333333333333,0.9894890009168154,0.146919476634322,0.8915832790342342,0.11697899598086625,0.04761807771896754,0.04688491373401681,0.9846032427163962,fit
CO,6,xgboost,6,6,134,4,"0.5, 0.7, 0.9, 1.7, 1.9, 3.5","0.375, 0.637, 1.098, 1.677, 1.524, 3.859",3.0,3.4837470948696136,1.1612490316232045,0.9333333333333333,0.9826400703587379,0.1884874861288999,0.8776681059047151,0.19214808164712616,0.052885421736398215,0.05483486475980829,1.0368616333084544,fit
CO,7,pls,6,6,139,4,"0.6, 0.8, 1, 3.1, 3.7, 6.1","0.820, 0.286, 0.546, 2.680, 3.123, 4.726",5.5,3.906228561426351,0.7102233748047911,0.8666666666666667,0.9872747906855215,0.3146831787602208,1.2119032493222415,0.08972463204533421,0.08577101362679913,0.08190631157262596,0.954941630152711,fit
CO,7,random_forest,6,6,139,4,"0.6, 0.8, 1, 3.1, 3.7, 6.1","0.886, 0.589, 0.801, 3.084, 3.536, 4.976",5.5,4.090000000000002,0.743636363636364,0.8666666666666667,0.9874047269706298,0.31308268653332116,1.179131790885754,-0.17595617856271684,0.059380639726978324,0.07911369650797272,1.33231465460331,fit
CO,7,xgboost,6,6,139,4,"0.6, 0.8, 1, 3.1, 3.7, 6.1","0.869, 0.478, 0.904, 3.205, 3.300, 4.622",5.5,3.7537821531295776,0.6825058460235596,0.9333333333333333,0.9771252891374987,0.42083029999442845,1.2436475391275401,-0.22279185132343216,0.06978577247227824,0.09079454817845219,1.3010466884853855,fit
CO,8,pls,6,6,141,4,"0.5, 1.3, 1.5, 3.7, 4.6, 6.8","0.354, 1.066, 1.452, 3.354, 4.157, 5.728",6.3,5.3738247917483655,0.8529880621822803,1.0,0.9975518962011996,0.15335089703745292,1.1570233247411899,-0.04021371454864653,0.058881844249911656,0.05560535833409142,0.9443549033227648,fit
CO,8,random_forest,6,6,141,4,"0.5, 1.3, 1.5, 3.7, 4.6, 6.8","0.707, 1.392, 1.625, 3.784, 4.609, 6.257",6.3,5.549500000000005,0.8808730158730168,1.0,0.9981434757291983,0.1335629558039182,1.1056623207546963,-0.31923991359113524,0.04861790457862203,0.05249686519430117,1.079784611231163,fit
CO,8,xgboost,6,6,141,4,"0.5, 1.3, 1.5, 3.7, 4.6, 6.8","0.741, 1.263, 1.438, 3.489, 4.416, 6.018",6.3,5.277320384979248,0.8376699023776585,1.0,0.9982505974140702,0.12965588357860183,1.1472331162016525,-0.2538411020535345,0.05331421583833819,0.0587363872477208,1.1017021693768125,fit
CO,9,pls,6,6,202,4,"0.7, 1, 1.4, 3.8, 4.7, 5.1","0.138, 0.324, 0.766, 1.897, 3.384, 4.386",4.3999999999999995,4.2484026004093405,0.9655460455475775,1.0,0.9664420460882511,0.4632045012809583,1.0943243232304862,0.7962926351460673,0.1327562316483089,0.09372945657390437,0.7060267936966432,fit
CO,9,random_forest,6,6,202,4,"0.7, 1, 1.4, 3.8, 4.7, 5.1","0.511, 0.763, 1.234, 2.850, 3.649, 4.741",4.3999999999999995,4.229500000000006,0.9612500000000015,1.0,0.9860259316822841,0.30039198941467754,1.1328788024799326,0.18753037058431454,0.09124222641344396,0.08100648911791646,0.8878179797022212,fit
CO,9,xgboost,6,6,202,4,"0.7, 1, 1.4, 3.8, 4.7, 5.1","0.412, 0.691, 1.354, 3.056, 3.335, 4.458",4.3999999999999995,4.045772284269333,0.919493700970303,1.0,0.9845204136531387,0.3160399027410472,1.1921800587367068,0.1394656164763184,0.09634483265133527,0.08279567359781988,0.8593680773462051,fit
CO,10,pls,6,6,146,4,"0.7, 1.1, 1.4, 3.4, 3.6, 4.8","0.355, 0.241, 1.039, 2.730, 1.899, 3.869",4.1,3.5142232402098186,0.8571276195633705,0.8666666666666667,0.9583437787691036,0.4319026138782723,1.1125814788294972,0.620962347389463,0.17565509530075818,0.0990594880728736,0.5639431517956429,held
CO,10,random_forest,6,6,146,4,"0.7, 1.1, 1.4, 3.4, 3.6, 4.8","0.561, 0.765, 1.306, 2.580, 2.561, 4.035",4.1,3.474000000000002,0.8473170731707322,0.9333333333333333,0.9886157089328279,0.22752538550787432,1.2299713079650847,0.0794164659247123,0.13009432826443795,0.09079562104524606,0.697921440976959,held
CO,10,xgboost,6,6,146,4,"0.7, 1.1, 1.4, 3.4, 3.6, 4.8","0.596, 0.778, 1.449, 2.790, 2.635, 4.026",4.1,3.4306180477142334,0.8367361091985935,0.9333333333333333,0.9883128707821741,0.23051421677169523,1.2278686593734647,-0.011938720642397094,0.1293286642113204,0.09519390161889058,0.7360618947037579,held
CO,11,pls,6,6,189,4,"0.5, 0.8, 1, 3, 4.3, 5.7","-0.493, 0.140, 0.268, 2.462, 3.281, 4.046",5.2,4.539501359272441,0.8729810306293155,1.0,0.987854642916816,0.30325812385629886,1.1182604019368916,0.7413371387396708,0.1442547854127872,0.11161741923911701,0.7737519342580014,held
CO,11,random_forest,6,6,189,4,"0.5, 0.8, 1, 3, 4.3, 5.7","0.343, 0.745, 0.760, 2.615, 3.320, 4.665",5.2,4.321000000000004,0.8309615384615392,1.0,0.9973968346488256,0.1407336799205432,1.2293074483520563,-0.0006080707557916121,0.09997768915832106,0.1135586050852274,1.1358394661973041,held
CO,11,xgboost,6,6,189,4,"0.5, 0.8, 1, 3, 4.3, 5.7","0.394, 0.482, 0.703, 2.669, 3.133, 4.118",5.2,3.7239767611026764,0.71614937713513,1.0,0.9912144556646133,0.258141805459965,1.3276823467013863,0.005384920912918645,0.1093478810070328,0.12788109561942104,1.1694885574526703,held
CO,12,pls,6,6,189,4,"0.4, 1, 1.1, 2.5, 3.1, 5.4","-0.358, 0.320, 0.531, 1.218, 2.105, 3.872",5.0,4.230903076064804,0.8461806152129607,1.0,0.9937412071796262,0.1881135294626369,1.2049052863349325,0.7061098484744777,0.16441286544505976,0.09845353090723259,0.5988188980267596,held
CO,12,random_forest,6,6,189,4,"0.4, 1, 1.1, 2.5, 3.1, 5.4","0.316, 0.928, 0.972, 1.560, 2.575, 4.439",5.0,4.123000000000004,0.8246000000000008,1.0,0.9892531353275916,0.24622166695570424,1.2156237429881886,0.06370069823574154,0.09435807578217419,0.08031006285520147,0.8511201843559996,held
CO,12,xgboost,6,6,189,4,"0.4, 1, 1.1, 2.5, 3.1, 5.4","0.323, 0.966, 0.994, 1.664, 2.483, 4.007",5.0,3.6836891770362854,0.7367378354072571,1.0,0.9936186479591946,0.18994057448231463,1.3769802526833903,-0.14515580963145425,0.09286004125027851,0.07690420270685373,0.8281732559172547,held
CO,13,pls,6,6,209,4,"0.5, 0.7, 0.9, 2.4, 3.5, 4.9","-0.381, -0.163, 0.483, 1.661, 2.693, 3.389",4.4,3.77058969465498,0.8569522033306772,1.0,0.9862139735107819,0.26882272519531325,1.1296871384830156,0.7037446276880672,0.11746482053839877,0.11230604071529003,0.9560823419346871,held
CO,13,random_forest,6,6,209,4,"0.5, 0.7, 0.9, 2.4, 3.5, 4.9","0.466, 0.633, 0.920, 1.829, 3.454, 3.463",4.4,2.997499999999997,0.6812499999999992,1.0,0.9668211406693692,0.41499853930545055,1.2534403104666274,-0.09919418377315603,0.07867302544505335,0.09391631781433075,1.1937550041204859,held
CO,13,xgboost,6,6,209,4,"0.5, 0.7, 0.9, 2.4, 3.5, 4.9","0.460, 0.702, 0.894, 1.868, 3.295, 3.005",4.4,2.544581353664398,0.5783139440146359,0.9333333333333333,0.9463502619814785,0.5249618099426435,1.37901194330684,-0.19985499081745317,0.08675620963472962,0.09873504834577157,1.1380747125937907,held
NO2,4,pls,6,6,191,4,"45, 54, 73, 128, 147, 177","59.407, 63.861, 72.407, 99.018, 92.988, 131.467",132.0,72.05941653670695,0.5459046707326284,0.9333333333333333,0.957675714859169,14.245875315819914,1.917448514501712,-61.90647034312158,0.1409191149857765,0.11910275283215556,0.8451852173793246,fit
NO2,4,random_forest,6,6,191,4,"45, 54, 73, 128, 147, 177","51.095, 62.935, 68.405, 105.895, 111.875, 141.660",132.0,90.565,0.6860984848484848,1.0,0.9930450388347347,5.826796593164829,1.5398696416593005,-35.06691056295281,0.11318504820447957,0.10890112037959612,0.9621511154269765,fit
NO2,4,xgboost,6,6,191,4,"45, 54, 73, 128, 147, 177","53.562, 63.001, 70.643, 107.325, 110.533, 138.652",132.0,85.09054183959961,0.6446253169666637,1.0,0.9939102864619523,5.453498340016946,1.6220369275272368,-42.98788118825911,0.11248499689141202,0.11278996985184502,1.0027112323319651,fit
NO2,5,pls,6,6,195,4,"48, 56, 69, 128, 142, 154","50.545, 64.051, 72.204, 94.801, 131.598, 122.048",106.0,71.50239582913422,0.674550904048436,0.9333333333333333,0.9583624395815894,12.261957833585829,1.3815935741579917,-23.748995346079766,0.13596374370794925,0.11155087955778975,0.8204457785260867,fit
NO2,5,random_forest,6,6,195,4,"48, 56, 69, 128, 142, 154","39.675, 64.035, 64.910, 108.480, 120.985, 114.480",106.0,74.805,0.7057075471698114,0.9333333333333333,0.9726827929580079,9.968215544247746,1.3657471476081704,-17.172364452296975,0.12210204675528838,0.10926335168012194,0.8948527447627704,fit
NO2,5,xgboost,6,6,195,4,"48, 56, 69, 128, 142, 154","40.153, 55.020, 76.213, 110.730, 132.632, 118.842",106.0,78.6894416809082,0.7423532234047944,0.9333333333333333,0.9660681292097172,11.091079767506578,1.217073196013244,-8.736630242655323,0.12546685362075863,0.10810245268278472,0.8616016865262257,fit
NO2,6,pls,6,6,107,4,"27, 38, 46, 79, 92, 118","116.603, 62.772, 57.958, 76.025, 91.991, 112.334",91.0,-4.268629699237209,-0.04690801867293636,0.6,0.3212371960156679,30.567513778433888,0.45685142014597735,27.249333271836072,0.14562709919080236,0.14845794787761504,1.0194390240727358,fit
NO2,6,random_forest,6,6,107,4,"27, 38, 46, 79, 92, 118","117.320, 58.310, 57.670, 81.045, 95.055, 107.660",91.0,-9.659999999999997,-0.10615384615384611,0.6,0.32057171913735516,30.57479188333487,0.4533485972174199,27.598595720460153,0.12916082518748756,0.14133223227295982,1.094234510098588,fit
NO2,6,xgboost,6,6,107,4,"27, 38, 46, 79, 92, 118","122.641, 61.028, 60.595, 78.381, 96.501, 110.944",91.0,-11.697265625,-0.1285413804945055,0.6,0.27019438274897745,31.07773778606237,0.3680495566686075,34.150144095491726,0.13781996125985474,0.15202069708644075,1.103038309521877,fit
NO2,7,pls,6,6,123,4,"45, 57, 71, 131, 146, 173","62.310, 71.648, 83.734, 110.560, 130.889, 153.149",128.0,90.83976929508523,0.7096856976178534,1.0,0.9896145495148339,6.951750906917749,1.4706401267668023,-46.24308457197877,0.11757265763449874,0.11096628346448466,0.9438102846109723,fit
NO2,7,random_forest,6,6,123,4,"45, 57, 71, 131, 146, 173","42.815, 60.095, 69.125, 99.015, 125.475, 152.505",128.0,109.69,0.856953125,1.0,0.9838001592924692,8.66964652292518,1.2430733494543327,-9.91409350848538,0.1318241008732545,0.12161053035324947,0.9225212199260504,fit
NO2,7,xgboost,6,6,123,4,"45, 57, 71, 131, 146, 173","46.212, 62.389, 72.495, 96.671, 120.292, 140.637",128.0,94.42525482177734,0.7376973032951355,1.0,0.9838398600301282,8.65910335541144,1.4442324875636765,-25.833764655965084,0.1333209424912854,0.12720682698294794,0.9541398718454371,fit
NO2,8,pls,6,6,144,4,"44, 56, 62, 110, 130, 157","77.353, 65.590, 113.201, 131.344, 165.192, 152.425",113.0,75.07175864891886,0.6643518464506094,0.8666666666666667,0.9008730567553621,18.14585996525491,1.0306356075639898,-27.951273812641347,0.24073910782434163,0.12534487878092873,0.5206668742512256,fit
NO2,8,random_forest,6,6,144,4,"44, 56, 62, 110, 130, 157","60.900, 54.960, 113.650, 119.395, 134.775, 140.205",113.0,79.305,0.7018141592920355,0.9333333333333333,0.8666300401053355,20.857549172892178,1.0721398768353956,-18.31533117657513,0.19541978375830119,0.1516667120080401,0.7761072553208037,fit
NO2,8,xgboost,6,6,144,4,"44, 56, 62, 110, 130, 157","67.542, 55.303, 111.824, 121.292, 147.078, 133.905",113.0,66.36365509033203,0.5872889831002834,0.8666666666666667,0.8472885268371492,22.202830336606,1.0534212682813437,-18.661647733139503,0.19243230966216818,0.1375765801320859,0.7149349315279419,fit
NO2,9,pls,6,6,176,4,"59, 75, 90, 156, 173, 187","52.770, 94.863, 125.287, 152.130, 172.822, 136.504",128.0,83.73481038701024,0.6541782061485175,0.8666666666666667,0.8519465332410017,26.33227529180158,1.0917184424312805,-10.28873897714395,0.1326317536492991,0.13384763755857465,1.0091673666058172,fit
NO2,9,random_forest,6,6,176,4,"59, 75, 90, 156, 173, 187","53.505, 51.905, 101.035, 114.970, 136.800, 122.680",128.0,69.17500000000001,0.5404296875000001,0.8666666666666667,0.9099208134742245,20.85858207756275,1.3893910431466694,-11.18171833478074,0.17182661672497962,0.14708388807169637,0.8560017701280489,fit
NO2,9,xgboost,6,6,176,4,"59, 75, 90, 156, 173, 187","55.241, 60.790, 95.660, 107.012, 150.862, 118.828",128.0,63.58707809448242,0.4967740476131439,0.9333333333333333,0.8915774876950585,22.773861525366158,1.3593000649257432,-9.967272602207785,0.172052570540527,0.13850090106906357,0.8049917570771759,fit
NO2,10,pls,6,6,138,4,"67, 74, 90, 138, 167, 193","86.938, 86.919, 104.169, 139.431, 160.043, 167.787",126.0,80.84882415023611,0.6416573345256834,0.9333333333333333,0.9930824375923797,5.605358532727849,1.4298214041145871,-56.10438754799716,0.0937224626065149,0.11501468590842051,1.2271837797444465,held
NO2,10,random_forest,6,6,138,4,"67, 74, 90, 138, 167, 193","75.140, 52.915, 85.370, 125.710, 111.610, 124.330",126.0,49.19,0.39039682539682535,0.8,0.8761752379025306,23.00936711364666,1.556408658129842,-27.675284845669836,0.18566883120529887,0.11302856819622763,0.6087643653621592,held
NO2,10,xgboost,6,6,138,4,"67, 74, 90, 138, 167, 193","68.711, 60.025, 86.901, 120.187, 107.681, 121.124",126.0,52.41278839111328,0.4159745110405816,0.8666666666666667,0.9037300435193837,20.43677162783842,1.7984253876303666,-47.74066706302074,0.1992833634394797,0.12418302267670894,0.6231479664604419,held
NO2,11,pls,6,6,182,4,"50, 90, 109, 152, 175, 183","78.627, 95.802, 106.017, 126.331, 165.843, 188.941",133.0,110.31450342580618,0.8294323565850089,1.0,0.9474550808717317,15.27755296011422,1.1619314046824476,-20.980330989588452,0.12472404831591001,0.12563878683064414,1.0073340989735773,held
NO2,11,random_forest,6,6,182,4,"50, 90, 109, 152, 175, 183","33.360, 66.935, 82.020, 83.775, 125.585, 137.160",133.0,103.8,0.7804511278195488,1.0,0.9542832580932888,14.275328176641912,1.3055294795518555,11.431719613532437,0.257063968293055,0.1371866048174186,0.5336671869198906,held
NO2,11,xgboost,6,6,182,4,"50, 90, 109, 152, 175, 183","40.634, 69.290, 85.247, 92.867, 118.552, 123.758",133.0,83.12361526489258,0.6249895884578389,1.0,0.9810093510286302,9.263345771478072,1.6502993556301497,-19.37223272278885,0.2591877447290878,0.13046356900077433,0.5033554697469954,held
NO2,12,pls,6,6,144,4,"60, 100, 108, 167, 182, 191","84.341, 87.883, 130.015, 161.143, 147.961, 142.454",131.0,58.11241834655799,0.44360624692029,0.8,0.8728571222285814,23.52709504800748,1.4306548266974553,-45.0707277657454,0.17836283798582733,0.14857921257677054,0.8330166432347113,held
NO2,12,random_forest,6,6,144,4,"60, 100, 108, 167, 182, 191","58.425, 64.240, 79.955, 122.610, 100.095, 98.775",131.0,40.35000000000001,0.3080152671755726,0.8,0.8627625225276516,24.377270375422754,1.8722774861420008,-28.876771747837125,0.3532057076496466,0.1631339704978593,0.4618667449725243,held
NO2,12,xgboost,6,6,144,4,"60, 100, 108, 167, 182, 191","61.792, 68.632, 84.180, 122.635, 95.541, 88.800",131.0,27.008438110351562,0.20617128328512643,0.8,0.746403329162789,32.08588438509276,1.8274281219033577,-24.19137238989657,0.3475386021906975,0.14880593629800498,0.4281709581612285,held
NO2,13,pls,6,6,194,4,"61, 86, 94, 157, 168, 181","72.381, 95.467, 101.694, 109.458, 126.202, 172.450",120.0,100.06929212478846,0.8339107677065705,1.0,0.867679773969446,22.76795040107853,1.2774580190434923,-19.778856459120675,0.14411850894787623,0.12689786945824214,0.8805105630404327,held
NO2,13,random_forest,6,6,194,4,"61, 86, 94, 157, 168, 181","50.055, 78.900, 72.865, 74.875, 102.250, 136.970",120.0,86.91499999999999,0.7242916666666666,0.8666666666666667,0.8213395483725329,26.125781148120456,1.3734585960499797,6.402018069812456,0.2511566141493447,0.14944262809118755,0.595017688852601,held
NO2,13,xgboost,6,6,194,4,"61, 86, 94, 157, 168, 181","46.422, 81.247, 77.875, 76.223, 90.489, 126.883",120.0,80.4609146118164,0.6705076217651367,0.8,0.7850492121910125,28.369666420236168,1.5115618442786005,-1.2467354913091242,0.2589187062140269,0.15853551784491954,0.6122984320563969,held
NOx,4,pls,6,6,197,4,"30, 40, 66, 195, 236, 261","29.239, 41.348, 58.894, 154.481, 190.942, 178.204",231.0,148.96472489209458,0.6448689389268164,0.9333333333333333,0.990470260602118,13.118309051805847,1.4058001690621005,-15.023046185875842,0.09572993185083682,0.13091150833842324,1.3675086340017997,fit
NOx,4,random_forest,6,6,197,4,"30, 40, 66, 195, 236, 261","29.315, 57.155, 89.215, 185.415, 214.970, 185.225",231.0,155.91,0.6749350649350649,0.8666666666666667,0.9644861868884408,25.15837819970435,1.2908311228586904,-25.783879946117764,0.09026208502095098,0.11892181759326856,1.317516846255715,fit
NOx,4,xgboost,6,6,197,4,"30, 40, 66, 195, 236, 261","25.719, 53.807, 87.584, 167.303, 214.167, 189.421",231.0,163.70205688476562,0.7086669129210633,0.9333333333333333,0.973536875237887,21.767205842805318,1.3072110573052071,-22.787279191865025,0.090485713534672,0.12814450047206216,1.4161848922477713,fit
NOx,5,pls,6,6,198,4,"14, 47, 61, 144, 206, 275","22.734, 67.050, 48.160, 110.305, 141.465, 163.552",261.0,140.8185039012829,0.5395344977060648,0.9333333333333333,0.978504767465172,19.18393147714417,1.8058988216571525,-42.02351400338958,0.09978043434142304,0.1878853069040409,1.8829874628641683,fit
NOx,5,random_forest,6,6,198,4,"14, 47, 61, 144, 206, 275","27.535, 77.685, 44.590, 131.310, 154.770, 199.475",261.0,171.94,0.6587739463601533,0.9333333333333333,0.9745848632317996,20.839251568692085,1.4809291018204271,-32.321753129689284,0.09191135272708528,0.15983549618603396,1.7390179933553753,fit
NOx,5,xgboost,6,6,198,4,"14, 47, 61, 144, 206, 275","23.474, 83.133, 50.298, 149.195, 144.030, 210.287",261.0,186.81235694885254,0.7157561568921553,0.8666666666666667,0.9546356219464357,27.70054892376701,1.3890306050685974,-28.389893103184704,0.09633151065731933,0.14641883491340388,1.5199474597077636,fit
NOx,6,pls,6,6,107,4,"23, 32, 40, 92, 153, 417","41.012, 68.693, 33.763, 103.174, 116.985, 281.426",394.0,240.4140771748513,0.6101880131341403,0.8666666666666667,0.9864249009739079,22.576237501862796,1.6262869156110569,-48.673410899487706,0.10165090678516923,0.10661937648184194,1.0488777705365004,fit
NOx,6,random_forest,6,6,107,4,"23, 32, 40, 92, 153, 417","39.555, 63.930, 35.835, 86.760, 123.345, 335.040",394.0,295.485,0.7499619289340101,0.8666666666666667,0.9941891177751192,14.799539232205769,1.3250094429572286,-24.987098062286563,0.09766327365673265,0.10067867403655462,1.0308754792555952,fit
NOx,6,xgboost,6,6,107,4,"23, 32, 40, 92, 153, 417","33.550, 67.963, 39.215, 90.115, 119.368, 314.035",394.0,280.4847221374512,0.7118901577092669,0.9333333333333333,0.9927771619314792,16.494049536983002,1.4290527041487768,-32.040387025412585,0.0989270602247858,0.11031140241183059,1.115078141018007,fit
NOx,7,pls,6,6,107,4,"41, 92, 132, 325, 365, 435","21.815, 47.936, 94.988, 97.084, 169.299, 248.574",394.0,226.75926977701405,0.5755311415660255,1.0,0.9087108971234341,62.29476785299577,1.7838713470524326,29.585108608447655,0.321197698232573,0.12384550666779785,0.38557407898397744,fit
NOx,7,random_forest,6,6,107,4,"41, 92, 132, 325, 365, 435","35.440, 58.395, 87.860, 129.880, 186.225, 279.510",394.0,244.07,0.6194670050761422,1.0,0.9431708061838867,49.59218709375413,1.695346630065345,12.031685163984406,0.29289733700256787,0.1235708317429088,0.4218912776998906,fit
NOx,7,xgboost,6,6,107,4,"41, 92, 132, 325, 365, 435","37.942, 57.721, 73.110, 123.399, 192.525, 238.915",394.0,200.97321701049805,0.5100843071332438,1.0,0.9629206627633609,40.26144709444537,1.9609626735650458,-4.829293687209855,0.29605759820094457,0.12961204051260827,0.43779332569142876,fit
NOx,8,pls,6,6,105,4,"72, 107, 150, 378, 404, 445","35.378, 98.795, 89.366, 227.394, 216.714, 173.084",373.0,137.7065474787476,0.36918645436661557,0.7333333333333333,0.9142889576250871,61.815819045985904,1.9790127593083282,-17.96960979509589,0.34990820475561246,0.14980064120206643,0.42811411440521147,fit
NOx,8,random_forest,6,6,105,4,"72, 107, 150, 378, 404, 445","37.745, 126.725, 79.920, 251.305, 245.250, 208.210",373.0,170.465,0.45701072386058983,0.7333333333333333,0.9165691727562122,61.02432952734861,1.7051462833987698,-10.40802010322659,0.3212485860048769,0.14884129502146803,0.46332124562007715,fit
NOx,8,xgboost,6,6,105,4,"72, 107, 150, 378, 404, 445","40.658, 97.397, 65.976, 247.219, 239.525, 204.863",373.0,164.20498657226562,0.44022784603824566,0.7333333333333333,0.9416428434406218,51.369959939302674,1.712361525038225,3.723734336077513,0.33102080174833404,0.1466746609372527,0.4430980172924764,fit
NOx,9,pls,6,6,125,4,"81, 105, 149, 355, 393, 444","20.315, 23.310, 84.084, 137.532, 107.698, 106.327",363.0,86.0120814653566,0.23694788282467383,0.8,0.8553673980074472,75.89078715058392,2.854542271707649,26.48601180744862,0.4198521114588329,0.1726083946658919,0.4111171289960665,fit
NOx,9,random_forest,6,6,125,4,"81, 105, 149, 355, 393, 444","21.945, 33.215, 87.025, 119.260, 111.390, 111.755",363.0,89.81,0.24741046831955923,0.8666666666666667,0.8929894655820428,65.93687527862221,3.351869107382719,-16.21370845776528,0.3948734600821519,0.21038479057687098,0.5327904046351994,fit
NOx,9,xgboost,6,6,125,4,"81, 105, 149, 355, 393, 444","21.916, 37.375, 87.835, 125.538, 107.228, 102.441",363.0,80.52461814880371,0.2218309039911948,0.8,0.8495914702485302,77.27075170779902,3.2933999565456085,-10.252091384573873,0.39491615599398555,0.21310748802538915,0.5396271709598903,fit
NOx,10,pls,6,6,110,4,"93, 149, 166, 363, 404, 460","16.304, 16.218, 59.995, 130.233, 99.540, 88.507",367.0,72.20332216814312,0.19673929746088042,0.7333333333333333,0.8431840698293288,75.85832653165477,2.8166342615900106,79.65542312720305,0.4585298388959065,0.2303430651275939,0.5023513097473367,held
NOx,10,random_forest,6,6,110,4,"93, 149, 166, 363, 404, 460","37.615, 52.195, 67.980, 125.655, 143.800, 132.500",367.0,94.88499999999999,0.25854223433242507,0.9333333333333333,0.976408658098738,30.467618617770786,3.2831490036635755,-33.78770650927805,0.4230235481031335,0.18605240482780555,0.4398157163166856,held
NOx,10,xgboost,6,6,110,4,"93, 149, 166, 363, 404, 460","43.820, 56.316, 59.077, 113.874, 145.866, 149.090",367.0,105.2700080871582,0.2868392590930741,1.0,0.9899094888061396,19.993879028416266,3.222077087080957,-32.54586021244262,0.42626399613644084,0.20487499151067526,0.48062935966353065,held
NOx,11,pls,6,6,142,4,"19, 122, 154, 326, 357, 452","-10.971, 10.698, 13.974, 66.111, 149.715, 166.358",433.0,177.32858084243983,0.40953482873542685,1.0,0.944071039493896,49.675797521037104,2.0539276912443367,102.81363251838727,0.3946415121166926,0.11356103633432002,0.28775745289750676,held
NOx,11,random_forest,6,6,142,4,"19, 122, 154, 326, 357, 452","31.360, 44.535, 39.740, 73.480, 154.470, 199.485",433.0,168.125,0.3882794457274827,0.9333333333333333,0.9009961035589938,65.3562561192668,2.126477913155323,45.86227328378979,0.35848952786713284,0.10539210151927242,0.29398934508997415,held
NOx,11,xgboost,6,6,142,4,"19, 122, 154, 326, 357, 452","25.904, 49.634, 48.483, 78.252, 160.225, 221.600",433.0,195.69582557678223,0.4519534077985733,0.9333333333333333,0.9096256948891763,62.584533503820445,1.9534892018353185,48.16166614441991,0.35622316762924944,0.1183290668948361,0.3321767859242407,held
NOx,12,pls,6,6,159,4,"59, 131, 144, 331, 388, 456","-8.408, 28.560, 32.257, 98.261, 140.437, 120.053",397.0,128.4606199363287,0.32357838774893877,0.9333333333333333,0.9686805565469324,36.53699184566244,2.6360615784388366,70.8592950232867,0.41487345943310067,0.17155920037599207,0.41352175338094,held
NOx,12,random_forest,6,6,159,4,"59, 131, 144, 331, 388, 456","36.165, 51.880, 66.950, 107.090, 149.560, 106.705",397.0,70.53999999999999,0.17768261964735516,0.8666666666666667,0.8911193627990615,66.76870327009468,3.4001115904887937,-42.241307154977676,0.37966354168545574,0.2016765952154088,0.5311982138714129,held
NOx,12,xgboost,6,6,159,4,"59, 131, 144, 331, 388, 456","37.471, 48.822, 62.097, 98.562, 166.983, 121.202",397.0,83.73104858398438,0.21090944227703873,0.9333333333333333,0.8952225113746956,65.56955552786192,2.9208802896593697,-9.011489118738382,0.3870422533581194,0.19162725603747893,0.495106811659066,held
NOx,13,pls,6,6,174,4,"93, 107, 146, 294, 371, 408","40.031, 33.002, 68.466, 127.974, 138.480, 146.871",315.0,106.83925305789874,0.3391722319298373,0.9333333333333333,0.9802080140125482,25.088589463488482,2.6484586872669422,-8.404768685909147,0.35562241604763006,0.1472510309351115,0.41406566147222146,held
NOx,13,random_forest,6,6,174,4,"93, 107, 146, 294, 371, 408","49.170, 74.865, 71.415, 116.515, 139.665, 173.960",315.0,124.79,0.39615873015873015,0.9333333333333333,0.9755343818068034,27.860989967467635,2.8564048260247064,-61.32304918546595,0.32199261808799395,0.13474130819129423,0.4184608609706456,held
NOx,13,xgboost,6,6,174,4,"93, 107, 146, 294, 371, 408","48.411, 59.935, 52.528, 122.666, 135.231, 173.060",315.0,124.64874267578125,0.39571029420882936,0.9333333333333333,0.9794452143481974,25.562561482372363,2.606958817507426,-20.64687251876404,0.3319397410356828,0.1300163224578866,0.3916865213313224,held
CO,4,pls,8,8,201,6,"0.6, 0.7, 1, 1.4, 2.3, 2.5, 3.4, 4.1","0.648, 0.575, 1.282, 1.343, 2.018, 2.732, 3.338, 3.371",3.4999999999999996,2.723578695936806,0.7781653416962303,0.9642857142857143,0.9744828127237816,0.27168264186217883,1.1150410673051927,-0.1336415093530654,0.05838235202647815,0.05866810151579145,1.004894449767692,fit
CO,4,random_forest,8,8,201,6,"0.6, 0.7, 1, 1.4, 2.3, 2.5, 3.4, 4.1","0.739, 0.574, 1.088, 1.329, 1.883, 3.239, 3.613, 3.890",3.4999999999999996,3.151500000000005,0.9004285714285729,0.9642857142857143,0.966047537528298,0.3127169765459253,0.9311701911383556,0.09645533676541662,0.05468793442593043,0.053715063554441556,0.9822105025230651,fit
CO,4,xgboost,8,8,201,6,"0.6, 0.7, 1, 1.4, 2.3, 2.5, 3.4, 4.1","0.636, 0.586, 1.325, 1.347, 1.965, 3.341, 3.707, 3.685",3.4999999999999996,3.0489339232444763,0.8711239780698505,0.9285714285714286,0.9516489563675301,0.37181130500877146,0.9308080694055304,0.06925933181379773,0.05684906063685379,0.055537427542532825,0.9769277965259698,fit
CO,5,pls,8,8,139,6,"0.4, 0.7, 0.9, 1.2, 1.9, 2.4, 2.5, 3.8","0.353, 0.576, 1.105, 1.448, 1.826, 2.201, 2.071, 2.789",3.4,2.436272499439246,0.7165507351291901,0.9642857142857143,0.9659170574700633,0.27690788172672853,1.3206556369268025,-0.3168732707389714,0.08221747214460884,0.10137754218434483,1.2330413419429407,fit
CO,5,random_forest,8,8,139,6,"0.4, 0.7, 0.9, 1.2, 1.9, 2.4, 2.5, 3.8","0.454, 0.845, 0.928, 1.727, 2.134, 2.319, 2.290, 3.204",3.4,2.7490000000000006,0.808529411764706,0.9642857142857143,0.9703312781471191,0.2586444865773909,1.1938814732001306,-0.3496675300535266,0.07339079882735973,0.08225464655603311,1.1207760083048584,fit
CO,5,xgboost,8,8,139,6,"0.4, 0.7, 0.9, 1.2, 1.9, 2.4, 2.5, 3.8","0.536, 0.800, 1.038, 1.534, 1.994, 2.325, 2.223, 3.090",3.4,2.554113805294037,0.7512099427335402,0.9642857142857143,0.9837412518388581,0.192118968036858,1.2913936109131818,-0.4607197710550244,0.06901079027550669,0.08551053266557028,1.2390893123262736,fit
CO,6,pls,8,8,134,6,"0.5, 0.7, 0.9, 1.1, 1.5, 1.7, 1.9, 3.5","0.117, 0.194, 0.555, 0.547, 1.239, 1.616, 1.765, 3.464",3.0,3.3467126005277654,1.1155708668425885,0.9642857142857143,0.9943789978989395,0.09436772902839859,0.8525690690781104,0.4630059195234304,0.06155537155623999,0.06694613622663759,1.0875758611167237,fit
CO,6,random_forest,8,8,134,6,"0.5, 0.7, 0.9, 1.1, 1.5, 1.7, 1.9, 3.5","0.451, 0.701, 1.022, 1.053, 1.286, 1.857, 1.641, 3.859",3.0,3.407000000000001,1.135666666666667,0.9642857142857143,0.9859772538037929,0.14873612263318525,0.8832730930493037,0.16438834361978016,0.047618077718967526,0.04742648631062559,0.9959764984745358,fit
CO,6,xgboost,8,8,134,6,"0.5, 0.7, 0.9, 1.1, 1.5, 1.7, 1.9, 3.5","0.375, 0.637, 1.098, 1.018, 1.389, 1.677, 1.524, 3.859",3.0,3.4837470948696136,1.1612490316232045,0.9285714285714286,0.9825451035814923,0.1657994021269223,0.8762537332605764,0.20708982787478436,0.052885421736398215,0.05574729109004614,1.0541145226734243,fit
CO,7,pls,8,8,139,6,"0.6, 0.8, 1, 1.6, 2.6, 3.1, 3.7, 6.1","0.820, 0.286, 0.546, 1.286, 2.115, 2.680, 3.123, 4.726",5.5,3.906228561426351,0.7102233748047911,0.9285714285714286,0.9876204484580686,0.27337963359667433,1.213321336255904,0.07444668264983978,0.08577101362679913,0.08132901713319386,0.9482109828743196,fit
CO,7,random_forest,8,8,139,6,"0.6, 0.8, 1, 1.6, 2.6, 3.1, 3.7, 6.1","0.886, 0.589, 0.801, 1.539, 2.684, 3.084, 3.536, 4.976",5.5,4.090000000000002,0.743636363636364,0.9285714285714286,0.9851380633891135,0.29935053147610946,1.1712094997766165,-0.2114830861197632,0.05938063972697833,0.07476738864151469,1.2591206323354196,fit
CO,7,xgboost,8,8,139,6,"0.6, 0.8, 1, 1.6, 2.6, 3.1, 3.7, 6.1","0.869, 0.478, 0.904, 1.498, 2.511, 3.205, 3.300, 4.622",5.5,3.7537821531295776,0.6825058460235596,0.9642857142857143,0.9762795979657134,0.3773394301880683,1.2387334841107984,-0.25450713528317026,0.06978577247227824,0.08725350649281878,1.2503050894432592,fit
CO,8,pls,8,8,141,6,"0.5, 1.3, 1.5, 2.1, 3.4, 3.7, 4.6, 6.8","0.354, 1.066, 1.452, 2.101, 3.279, 3.354, 4.157, 5.728",6.3,5.3738247917483655,0.8529880621822803,1.0,0.9949801733326995,0.1932999463189774,1.1552494778355935,-0.11605259439335525,0.058881844249911656,0.05303190358064534,0.9006494999640727,fit
CO,8,random_forest,8,8,141,6,"0.5, 1.3, 1.5, 2.1, 3.4, 3.7, 4.6, 6.8","0.707, 1.392, 1.625, 2.466, 3.760, 3.784, 4.609, 6.257",6.3,5.549500000000007,0.880873015873017,1.0,0.9945742823906063,0.20094249090200197,1.1010491424656133,-0.39815729751035844,0.048617904578622036,0.051681188691384536,1.0630073249621184,fit
CO,8,xgboost,8,8,141,6,"0.5, 1.3, 1.5, 2.1, 3.4, 3.7, 4.6, 6.8","0.741, 1.263, 1.438, 2.498, 3.574, 3.489, 4.416, 6.018",6.3,5.277320384979248,0.8376699023776585,0.9642857142857143,0.9924839346313544,0.23638002228556454,1.1442716644417974,-0.3649212759207394,0.05331421583833819,0.05695812502905368,1.068347796800852,fit
CO,9,pls,8,8,202,6,"0.7, 1, 1.4, 1.5, 3.1, 3.8, 4.7, 5.1","0.138, 0.324, 0.766, 1.434, 2.687, 1.897, 3.384, 4.386",4.3999999999999995,4.24840260040934,0.9655460455475773,0.9642857142857143,0.947562902584343,0.51946910871497,1.0861053964420386,0.6239371251144825,0.1327562316483089,0.08993597079667412,0.6774519710300902,fit
CO,9,random_forest,8,8,202,6,"0.7, 1, 1.4, 1.5, 3.1, 3.8, 4.7, 5.1","0.511, 0.763, 1.234, 1.985, 3.102, 2.850, 3.649, 4.741",4.3999999999999995,4.229500000000006,0.9612500000000015,0.9642857142857143,0.9642773805866245,0.4305937421620314,1.1262072144574087,0.011056277412741622,0.09124222641344394,0.07978249426632329,0.8744031946875845,fit
CO,9,xgboost,8,8,202,6,"0.7, 1, 1.4, 1.5, 3.1, 3.8, 4.7, 5.1","0.412, 0.691, 1.354, 1.886, 3.091, 3.056, 3.335, 4.458",4.3999999999999995,4.045772284269333,0.919493700970303,0.9642857142857143,0.9618144838523647,0.4449108107778377,1.1760059426960097,-0.025084145613728737,0.09634483265133527,0.0796263446351636,0.8264723954975912,fit
CO,10,pls,8,8,146,6,"0.7, 1.1, 1.4, 1.7, 2.6, 3.4, 3.6, 4.8","0.355, 0.241, 1.039, -0.202, 1.565, 2.730, 1.899, 3.869",4.1,3.5142232402098186,0.8571276195633705,0.8214285714285714,0.9182549132727669,0.5295900824022698,0.9537804865535121,1.0418149936606933,0.17565509530075818,0.10101135465494938,0.5750550787154615,held
CO,10,random_forest,8,8,146,6,"0.7, 1.1, 1.4, 1.7, 2.6, 3.4, 3.6, 4.8","0.561, 0.765, 1.306, 0.591, 1.705, 2.580, 2.561, 4.035",4.1,3.4740000000000015,0.8473170731707321,0.8928571428571429,0.9657810445232454,0.3468620609819135,1.1277969761853595,0.42426441829622163,0.13009432826443798,0.0914360391983493,0.7028441625255992,held
CO,10,xgboost,8,8,146,6,"0.7, 1.1, 1.4, 1.7, 2.6, 3.4, 3.6, 4.8","0.596, 0.778, 1.449, 0.537, 1.831, 2.790, 2.635, 4.026",4.1,3.4306180477142334,0.8367361091985935,0.8571428571428571,0.9594362300169282,0.3770427350027062,1.102305361733352,0.39487099274404747,0.1293286642113204,0.09483366514167257,0.7332764605587846,held
CO,11,pls,8,8,189,6,"0.5, 0.8, 1, 1.4, 2.7, 3, 4.3, 5.7","-0.493, 0.140, 0.268, 1.109, 2.002, 2.462, 3.281, 4.046",5.2,4.539501359272441,0.8729810306293155,1.0,0.9816784540946509,0.33054896807234574,1.1278341602089779,0.6182837369261827,0.1442547854127872,0.10794099800749192,0.7482663240503056,held
CO,11,random_forest,8,8,189,6,"0.5, 0.8, 1, 1.4, 2.7, 3, 4.3, 5.7","0.343, 0.745, 0.760, 1.686, 2.647, 2.616, 3.320, 4.665",5.2,4.321000000000003,0.8309615384615391,0.9642857142857143,0.9855990566107575,0.2933454827635481,1.227586804636155,-0.15009349525020532,0.09997768915832103,0.10607059134091788,1.0609426186371276,held
CO,11,xgboost,8,8,189,6,"0.5, 0.8, 1, 1.4, 2.7, 3, 4.3, 5.7","0.394, 0.482, 0.703, 1.648, 2.921, 2.669, 3.133, 4.118",5.2,3.7239767611026764,0.71614937713513,0.9642857142857143,0.959838807690949,0.4866891112088153,1.2700221899755935,-0.12587107185679214,0.1093478810070328,0.10997300139306063,1.0057168038399174,held
CO,12,pls,8,8,189,6,"0.4, 1, 1.1, 1.3, 2.2, 2.5, 3.1, 5.4","-0.358, 0.320, 0.531, 0.570, 1.725, 1.218, 2.105, 3.872",5.0,4.230903076064804,0.8461806152129607,0.9642857142857143,0.9858137771155697,0.2503263989100865,1.187311161451536,0.6434196425326115,0.16441286544505976,0.09602113467771978,0.5840244582915941,held
CO,12,random_forest,8,8,189,6,"0.4, 1, 1.1, 1.3, 2.2, 2.5, 3.1, 5.4","0.316, 0.928, 0.973, 0.976, 1.771, 1.560, 2.575, 4.439",5.0,4.123000000000004,0.8246000000000008,0.9642857142857143,0.9896555061892326,0.21396737997262372,1.2125018214899745,0.07314379258359072,0.09435807578217419,0.0802472924905625,0.8504549486131272,held
CO,12,xgboost,8,8,189,6,"0.4, 1, 1.1, 1.3, 2.2, 2.5, 3.1, 5.4","0.323, 0.966, 0.994, 1.088, 1.829, 1.664, 2.483, 4.007",5.0,3.6836891770362854,0.7367378354072571,0.9642857142857143,0.9931447427348519,0.17433528687945338,1.3773363988389657,-0.17420845823255737,0.09286004125027851,0.07599953766080655,0.8184310133566586,held
CO,13,pls,8,8,209,6,"0.5, 0.7, 0.9, 1.2, 2, 2.4, 3.5, 4.9","-0.381, -0.163, 0.483, 0.519, 1.052, 1.661, 2.693, 3.389",4.4,3.7705896946549795,0.8569522033306771,1.0,0.9862607065205746,0.23802567549399561,1.1333521002815727,0.7017790831693786,0.11746482053839877,0.11276497894077467,0.9599893689354615,held
CO,13,random_forest,8,8,209,6,"0.5, 0.7, 0.9, 1.2, 2, 2.4, 3.5, 4.9","0.466, 0.633, 0.920, 1.022, 1.864, 1.829, 3.454, 3.463",4.4,2.9974999999999965,0.6812499999999991,0.9642857142857143,0.9668253644685261,0.36805223626374234,1.2484416221084085,-0.1180436557293798,0.07867302544505335,0.0915474878229428,1.1636451923014095,held
CO,13,xgboost,8,8,209,6,"0.5, 0.7, 0.9, 1.2, 2, 2.4, 3.5, 4.9","0.460, 0.702, 0.894, 1.107, 1.642, 1.868, 3.295, 3.005",4.4,2.544581353664398,0.5783139440146359,0.9642857142857143,0.9484356207618349,0.45671093260329654,1.3872542931749006,-0.2371601118831066,0.08675620963472962,0.09741372705463175,1.1228444334391,held
NO2,4,pls,8,8,191,6,"45, 54, 73, 79, 118, 128, 147, 177","59.407, 63.861, 72.407, 59.639, 89.218, 99.018, 92.988, 131.467",132.0,72.05941653670695,0.5459046707326284,0.8928571428571429,0.9413311514889618,14.855959807993637,1.7825685383685896,-46.220313017651335,0.1409191149857765,0.11458947244153937,0.8131577639634291,fit
NO2,4,random_forest,8,8,191,6,"45, 54, 73, 79, 118, 128, 147, 177","51.095, 62.935, 68.405, 61.910, 116.540, 105.895, 111.875, 141.660",132.0,90.565,0.6860984848484848,0.8571428571428571,0.9656724634309769,11.434680067960313,1.3786368682911703,-21.506601972894302,0.11318504820447957,0.0973994087089787,0.8605324665588108,fit
NO2,4,xgboost,8,8,191,6,"45, 54, 73, 79, 118, 128, 147, 177","53.562, 63.001, 70.643, 58.648, 111.373, 107.325, 110.533, 138.652",132.0,85.09054183959961,0.6446253169666637,0.8571428571428571,0.9654425757138172,11.472233668037719,1.4413522181158633,-25.968309859470935,0.11248499689141202,0.09975162377577115,0.8867993646483087,fit
NO2,5,pls,8,8,195,6,"48, 56, 69, 83, 111, 128, 142, 154","50.545, 64.051, 72.204, 77.312, 88.620, 94.801, 131.598, 122.048",106.0,71.50239582913422,0.674550904048436,0.9642857142857143,0.9537974791832409,11.373975192252347,1.3839157150822858,-22.421634659021848,0.13596374370794925,0.11171444505792123,0.821648786737473,fit
NO2,5,random_forest,8,8,195,6,"48, 56, 69, 83, 111, 128, 142, 154","39.675, 64.035, 64.910, 79.160, 96.830, 108.480, 120.985, 114.480",106.0,74.805,0.7057075471698114,0.9642857142857143,0.9708901371307502,9.067570823794277,1.3676569704469617,-18.838380660763477,0.12210204675528838,0.10676116812012872,0.8743601844291342,fit
NO2,5,xgboost,8,8,195,6,"48, 56, 69, 83, 111, 128, 142, 154","40.153, 55.020, 76.213, 88.302, 88.332, 110.730, 132.632, 118.842",106.0,78.6894416809082,0.7423532234047944,0.9642857142857143,0.9492737307867735,11.903989762231513,1.2173658396969145,-9.200486640382437,0.12546685362075863,0.1078972812851251,0.8599664227753726,fit
NO2,6,pls,8,8,107,6,"27, 38, 46, 57, 70, 79, 92, 118","116.603, 62.772, 57.958, 72.889, 86.960, 76.025, 91.991, 112.334",91.0,-4.268629699237209,-0.04690801867293636,0.6785714285714286,0.3375623290806571,26.521697308580112,0.47184643788198716,25.913692445399185,0.14562709919080236,0.1475712340144904,1.0133500896089458,fit
NO2,6,random_forest,8,8,107,6,"27, 38, 46, 57, 70, 79, 92, 118","117.320, 58.310, 57.670, 69.385, 86.350, 81.045, 95.055, 107.660",91.0,-9.659999999999997,-0.10615384615384611,0.6785714285714286,0.33851282660396115,26.512078151898837,0.4644806880485165,26.812464435549785,0.12916082518748756,0.14029453287941604,1.0862003450021862,fit
NO2,6,xgboost,8,8,107,6,"27, 38, 46, 57, 70, 79, 92, 118","122.641, 61.028, 60.595, 72.658, 86.624, 78.381, 96.501, 110.944",91.0,-11.697265625,-0.1285413804945055,0.6785714285714286,0.28775085138379475,26.98383553472051,0.38324066325164347,32.850596112978295,0.13781996125985474,0.15093075079745222,1.0951298303797774,fit
NO2,7,pls,8,8,123,6,"45, 57, 71, 84, 121, 131, 146, 173","62.310, 71.648, 83.734, 115.128, 137.259, 110.560, 130.889, 153.149",128.0,90.83976929508523,0.7096856976178534,0.8928571428571429,0.9253763174076851,16.259420499298997,1.2986916762207419,-36.86868693779388,0.11757265763449874,0.10460301185698957,0.8896882486247079,fit
NO2,7,random_forest,8,8,123,6,"45, 57, 71, 84, 121, 131, 146, 173","42.815, 60.095, 69.125, 107.145, 127.745, 99.015, 125.475, 152.505",128.0,109.69,0.856953125,0.8928571428571429,0.9271750813486,16.069764095600146,1.1242843522173278,-6.6686236737759685,0.1318241008732545,0.11894045702214827,0.9022664007130721,fit
NO2,7,xgboost,8,8,123,6,"45, 57, 71, 84, 121, 131, 146, 173","46.212, 62.389, 72.495, 106.762, 119.272, 96.671, 120.292, 140.637",128.0,94.42525482177734,0.7376973032951355,0.9285714285714286,0.9188483063434385,16.926923331510146,1.2959245882080541,-20.37902155702986,0.1333209424912854,0.11302606050578744,0.8477742385685239,fit
NO2,8,pls,8,8,144,6,"44, 56, 62, 71, 102, 110, 130, 157","77.353, 65.590, 113.201, 110.274, 135.181, 131.344, 165.192, 152.425",113.0,75.07175864891886,0.6643518464506094,0.8571428571428571,0.8943946718823199,16.6096423105028,1.0273246773566114,-30.56687218499644,0.24073910782434163,0.12060991381154378,0.5009984248157484,fit
NO2,8,random_forest,8,8,144,6,"44, 56, 62, 71, 102, 110, 130, 157","60.900, 54.960, 113.650, 104.285, 120.175, 119.395, 134.775, 140.205",113.0,79.305,0.7018141592920355,0.8928571428571429,0.8496643686272206,19.582113401904227,1.0606992587089341,-20.979864078678844,0.19541978375830119,0.14122242137083663,0.7226618444399833,fit
NO2,8,xgboost,8,8,144,6,"44, 56, 62, 71, 102, 110, 130, 157","67.542, 55.303, 111.824, 106.846, 118.553, 121.292, 147.078, 133.905",113.0,66.36365509033203,0.5872889831002834,0.8928571428571429,0.8313285289430739,20.638877811916295,1.0499815719399233,-21.680515117373147,0.19243230966216818,0.130101588301325,0.6760901458270172,fit
NO2,9,pls,8,8,176,6,"59, 75, 90, 97, 138, 156, 173, 187","52.770, 94.863, 125.287, 135.113, 175.224, 152.130, 172.822, 136.504",128.0,83.73481038701024,0.6541782061485175,0.8214285714285714,0.776336396401074,28.245804441143235,0.9114195640961512,2.853459074835712,0.1326317536492991,0.13208684594028355,0.9958915742722034,fit
NO2,9,random_forest,8,8,176,6,"59, 75, 90, 97, 138, 156, 173, 187","53.505, 51.905, 101.035, 122.940, 129.365, 114.970, 136.800, 122.680",128.0,69.17500000000001,0.5404296875000001,0.7857142857142857,0.7955936029063477,27.14844431227947,1.1403578301429274,3.106731990614108,0.17182661672497962,0.13420274709015112,0.7810358467626229,fit
NO2,9,xgboost,8,8,176,6,"59, 75, 90, 97, 138, 156, 173, 187","55.241, 60.790, 95.660, 117.167, 125.408, 107.012, 150.862, 118.828",128.0,63.58707809448242,0.4967740476131439,0.8571428571428571,0.8122931469419606,26.136532531689767,1.1992194163256773,-2.6891523634517114,0.172052570540527,0.13276406626203938,0.7716482575351398,fit
NO2,10,pls,8,8,138,6,"67, 74, 90, 106, 133, 138, 167, 193","86.938, 86.919, 104.169, 91.234, 142.483, 139.431, 160.043, 167.787",126.0,80.84882415023611,0.6416573345256834,0.8928571428571429,0.9576947297350242,12.057857294792697,1.2696557968709605,-34.37472947111138,0.0937224626065149,0.10034518563556961,1.0706631350144906,held
NO2,10,random_forest,8,8,138,6,"67, 74, 90, 106, 133, 138, 167, 193","75.140, 52.915, 85.370, 71.520, 112.445, 125.710, 111.610, 124.330",126.0,49.19,0.39039682539682535,0.7857142857142857,0.8557845218425348,21.675550096658743,1.407335567393101,-12.527998634257415,0.18566883120529887,0.10673647892933583,0.5748755902454867,held
NO2,10,xgboost,8,8,138,6,"67, 74, 90, 106, 133, 138, 167, 193","68.711, 60.025, 86.901, 71.191, 104.539, 120.187, 107.681, 121.124",126.0,52.41278839111328,0.4159745110405816,0.8928571428571429,0.8836586682197144,19.614106839459232,1.6420206722390573,-30.9605761744632,0.1992833634394797,0.11645800935995425,0.5843840015040761,held
NO2,11,pls,8,8,182,6,"50, 90, 109, 116, 148, 152, 175, 183","78.627, 95.802, 106.017, 129.449, 176.553, 126.331, 165.843, 188.941",133.0,110.31450342580618,0.8294323565850089,0.8928571428571429,0.9126590172040976,17.245732731917062,1.0278801227682643,-9.29092001350989,0.12472404831591001,0.12986282820086822,1.041201195393709,held
NO2,11,random_forest,8,8,182,6,"50, 90, 109, 116, 148, 152, 175, 183","33.360, 66.935, 82.020, 101.905, 128.480, 83.775, 125.585, 137.160",133.0,103.8,0.7804511278195488,0.8928571428571429,0.9125188052233536,17.25893717553055,1.1633579323230108,17.46942382771546,0.257063968293055,0.13837863620473437,0.5383042871530778,held
NO2,11,xgboost,8,8,182,6,"50, 90, 109, 116, 148, 152, 175, 183","40.634, 69.290, 85.247, 93.153, 114.642, 92.867, 118.552, 123.758",133.0,83.12361526489258,0.6249895884578389,0.9285714285714286,0.9613630024501251,11.615409155359762,1.557350984524477,-15.818430629278083,0.2591877447290878,0.13006019185941642,0.5017991571914788,held
NO2,12,pls,8,8,144,6,"60, 100, 108, 116, 154, 167, 182, 191","84.341, 87.883, 130.015, 103.517, 126.791, 161.143, 147.961, 142.454",131.0,58.11241834655799,0.44360624692029,0.8214285714285714,0.8655947121047558,21.44270106179173,1.3975754919712091,-37.17035975451702,0.17836283798582733,0.13631654356652065,0.7642653879355313,held
NO2,12,random_forest,8,8,144,6,"60, 100, 108, 116, 154, 167, 182, 191","58.425, 64.240, 79.955, 80.220, 89.220, 122.610, 100.095, 98.775",131.0,40.35000000000001,0.3080152671755726,0.8928571428571429,0.8596494743024801,21.876872207716307,1.8969850962267547,-29.704380454637914,0.3532057076496466,0.16011243611120377,0.4533121425943185,held
NO2,12,xgboost,8,8,144,6,"60, 100, 108, 116, 154, 167, 182, 191","61.792, 68.632, 84.180, 80.755, 89.363, 122.635, 95.541, 88.800",131.0,27.008438110351562,0.20617128328512643,0.8214285714285714,0.7488575909348602,28.379184624319215,1.8634418697275548,-26.367196857127624,0.3475386021906975,0.14698512027706429,0.4229317818237994,held
NO2,13,pls,8,8,194,6,"61, 86, 94, 103, 141, 157, 168, 181","72.381, 95.467, 101.694, 109.854, 151.021, 109.458, 126.202, 172.450",120.0,100.06929212478846,0.8339107677065705,0.8928571428571429,0.8357475000143989,22.40364255799987,1.1435577770333294,-10.28248837136303,0.14411850894787623,0.12904691783583566,0.8954222381145259,held
NO2,13,random_forest,8,8,194,6,"61, 86, 94, 103, 141, 157, 168, 181","50.055, 78.900, 72.865, 82.840, 118.165, 74.875, 102.250, 136.970",120.0,86.91499999999999,0.7242916666666666,0.8214285714285714,0.7986759471203781,24.551637543856163,1.2495144765436361,11.899760184542032,0.2511566141493447,0.14510987371719547,0.5777664833103264,held
NO2,13,xgboost,8,8,194,6,"61, 86, 94, 103, 141, 157, 168, 181","46.422, 81.247, 77.875, 83.249, 119.092, 76.223, 90.489, 126.883",120.0,80.4609146118164,0.6705076217651367,0.7857142857142857,0.7403205452293186,27.4277124086893,1.270428021588161,12.477369370276563,0.2589187062140269,0.15008305569273866,0.5796531965082402,held
NOx,4,pls,8,8,197,6,"30, 40, 66, 100, 139, 195, 236, 261","29.239, 41.348, 58.894, 113.301, 122.040, 154.481, 190.942, 178.204",231.0,148.96472489209458,0.6448689389268164,0.9642857142857143,0.974376850361458,18.769149098744066,1.3950551855514348,-21.554242702451262,0.09572993185083682,0.11756032624239125,1.2280414700970415,fit
NOx,4,random_forest,8,8,197,6,"30, 40, 66, 100, 139, 195, 236, 261","29.315, 57.155, 89.215, 114.030, 150.195, 185.415, 214.970, 185.225",231.0,155.91,0.6749350649350649,0.9285714285714286,0.9561360859916703,24.44367641359839,1.2799890334960424,-30.70679420385767,0.09026208502095098,0.11237388571652912,1.244973298483474,fit
NOx,4,xgboost,8,8,197,6,"30, 40, 66, 100, 139, 195, 236, 261","25.719, 53.807, 87.584, 113.400, 152.612, 167.303, 214.167, 189.421",231.0,163.70205688476562,0.7086669129210633,0.9642857142857143,0.959719653316181,23.44535843263226,1.284251141855918,-27.800586918047742,0.090485713534672,0.11717592020606732,1.2949659745034587,fit
NOx,5,pls,8,8,198,6,"14, 47, 61, 73, 130, 144, 206, 275","22.734, 67.050, 48.160, 85.111, 145.413, 110.305, 141.465, 163.552",261.0,140.8185039012829,0.5395344977060648,0.8928571428571429,0.91332282855167,33.56288751114593,1.593150388735541,-37.336788686889804,0.09978043434142304,0.13727875270554704,1.3758083296752786,fit
NOx,5,random_forest,8,8,198,6,"14, 47, 61, 73, 130, 144, 206, 275","27.535, 77.685, 44.590, 91.650, 174.930, 131.310, 154.770, 199.475",261.0,171.94,0.6587739463601533,0.8928571428571429,0.9053372198842955,35.00163878616549,1.282463002187329,-25.83888656348128,0.09191135272708528,0.11349266907975583,1.2348057743938607,fit
NOx,5,xgboost,8,8,198,6,"14, 47, 61, 73, 130, 144, 206, 275","23.474, 83.133, 50.298, 88.620, 170.489, 149.195, 144.030, 210.287",261.0,186.81235694885254,0.7157561568921553,0.8571428571428571,0.9087094847098487,34.402940990907226,1.2559687720195174,-25.611915828122306,0.09633151065731933,0.11609207748302384,1.2051308724514753,fit
NOx,6,pls,8,8,107,6,"23, 32, 40, 48, 84, 92, 153, 417","41.012, 68.693, 33.763, 61.957, 96.908, 103.174, 116.985, 281.426",394.0,240.4140771748513,0.6101880131341403,0.8928571428571429,0.9848644777384135,21.182421644455967,1.631957445162855,-52.87001054032436,0.10165090678516923,0.10588253303723244,1.0416290064288989,fit
NOx,6,random_forest,8,8,107,6,"23, 32, 40, 48, 84, 92, 153, 417","39.555, 63.930, 35.835, 47.775, 115.825, 86.760, 123.345, 335.040",394.0,295.485,0.7499619289340101,0.8571428571428571,0.9864314706735595,20.063867708891767,1.310234245300705,-27.770475655117792,0.09766327365673265,0.09818345695894107,1.0053262939355971,fit
NOx,6,xgboost,8,8,107,6,"23, 32, 40, 48, 84, 92, 153, 417","33.550, 67.963, 39.215, 64.035, 97.345, 90.115, 119.368, 314.035",394.0,280.4847221374512,0.7118901577092669,0.8928571428571429,0.991000417216134,16.359059685642627,1.4393700987451243,-37.42257115174738,0.0989270602247858,0.10809658390615508,1.0926897419223207,fit
NOx,7,pls,8,8,107,6,"41, 92, 132, 146, 272, 325, 365, 435","21.815, 47.936, 94.988, 90.746, 127.610, 97.084, 169.299, 248.574",394.0,226.75926977701405,0.5755311415660255,0.9285714285714286,0.9063535334291233,56.35854915859831,1.8179246286077553,21.926309430874056,0.321197698232573,0.12507289175343542,0.38939535507777073,fit
NOx,7,random_forest,8,8,107,6,"41, 92, 132, 146, 272, 325, 365, 435","35.440, 58.395, 87.860, 101.595, 136.365, 129.880, 186.225, 279.510",394.0,244.07,0.6194670050761422,0.9642857142857143,0.9383780520899163,46.09983150820374,1.7248016356385882,7.107580423151319,0.29289733700256787,0.12397927473127526,0.42328576968314435,fit
NOx,7,xgboost,8,8,107,6,"41, 92, 132, 146, 272, 325, 365, 435","37.942, 57.721, 73.110, 103.312, 120.350, 123.399, 192.525, 238.915",394.0,200.97321701049805,0.5100843071332438,1.0,0.9494208672398038,41.88426315202903,1.9874604199354406,-9.333539032030217,0.29605759820094457,0.1304146060192529,0.44050416814749666,fit
NOx,8,pls,8,8,105,6,"72, 107, 150, 181, 315, 378, 404, 445","35.378, 98.795, 89.366, 79.536, 182.619, 227.394, 216.714, 173.084",373.0,137.7065474787476,0.36918645436661557,0.75,0.9119997852188686,55.962472103549416,1.8741606261619843,-1.8732214972257566,0.34990820475561246,0.14593002583834602,0.4170523121636099,fit
NOx,8,random_forest,8,8,105,6,"72, 107, 150, 181, 315, 378, 404, 445","37.745, 126.725, 79.920, 76.875, 189.960, 251.305, 245.250, 208.210",373.0,170.465,0.45701072386058983,0.7857142857142857,0.911877924550507,55.99942183154005,1.6113119308101755,11.582600656766829,0.3212485860048769,0.13927151356337805,0.43353191151871334,fit
NOx,8,xgboost,8,8,105,6,"72, 107, 150, 181, 315, 378, 404, 445","40.658, 97.397, 65.976, 82.533, 188.582, 247.219, 239.525, 204.863",373.0,164.20498657226562,0.44022784603824566,0.8214285714285714,0.9410888935420801,46.13519997522409,1.6547696526308813,15.161500417580584,0.33102080174833404,0.14254315499495562,0.43061691060529556,fit
NOx,9,pls,8,8,125,6,"81, 105, 149, 182, 308, 355, 393, 444","20.315, 23.310, 84.084, 101.315, 116.332, 137.532, 107.698, 106.327",363.0,86.0120814653566,0.23694788282467383,0.8214285714285714,0.7972729318248344,78.94752308289915,2.5935109558574982,26.193906356021472,0.4198521114588329,0.16108801476620288,0.3836779912966992,fit
NOx,9,random_forest,8,8,125,6,"81, 105, 149, 182, 308, 355, 393, 444","21.945, 33.215, 87.025, 103.350, 101.375, 119.260, 111.390, 111.755",363.0,89.81,0.24741046831955923,0.8928571428571429,0.823022931285045,74.28997066118758,3.068996991988753,-12.313207691590947,0.3948734600821519,0.1721848394475212,0.43605067661852687,fit
NOx,9,xgboost,8,8,125,6,"81, 105, 149, 182, 308, 355, 393, 444","21.916, 37.375, 87.835, 112.011, 112.111, 125.538, 107.228, 102.441",363.0,80.52461814880371,0.2218309039911948,0.75,0.7481278455636781,86.78652437519952,2.757315287735181,8.635183778889683,0.39491615599398555,0.15845168169332788,0.40122866408063856,fit
NOx,10,pls,8,8,110,6,"93, 149, 166, 215, 304, 363, 404, 460","16.304, 16.218, 59.995, 146.695, 54.502, 130.233, 99.540, 88.507",367.0,72.20332216814312,0.19673929746088042,0.6785714285714286,0.5627369982076238,102.77727772599398,1.5404450196423396,151.4068648875521,0.4585298388959065,0.164974763864389,0.3597906828956466,held
NOx,10,random_forest,8,8,110,6,"93, 149, 166, 215, 304, 363, 404, 460","37.615, 52.195, 67.980, 127.695, 90.055, 125.655, 143.800, 132.500",367.0,94.88499999999999,0.25854223433242507,0.8928571428571429,0.8621731876473973,62.988271065499674,2.81050155303027,-3.8938631216587396,0.4230235481031335,0.1409388917173871,0.3331703219581197,held
NOx,10,xgboost,8,8,110,6,"93, 149, 166, 215, 304, 363, 404, 460","43.820, 56.316, 59.077, 120.499, 93.083, 113.874, 145.866, 149.090",367.0,105.2700080871582,0.2868392590930741,0.9285714285714286,0.9101507753232296,51.50789345501157,2.93762170699978,-17.764560299016182,0.42626399613644084,0.17625876328173126,0.4134967177132019,held
NOx,11,pls,8,8,142,6,"19, 122, 154, 159, 263, 326, 357, 452","-10.971, 10.698, 13.974, 41.477, 71.892, 66.111, 149.715, 166.358",433.0,177.32858084243983,0.40953482873542685,0.9642857142857143,0.9431970784371908,44.37248973563688,2.07935065789761,99.1355328070542,0.3946415121166926,0.11283343337246599,0.28591374680092435,held
NOx,11,random_forest,8,8,142,6,"19, 122, 154, 159, 263, 326, 357, 452","31.360, 44.535, 39.740, 58.750, 88.250, 73.480, 154.470, 199.485",433.0,168.125,0.3882794457274827,0.9285714285714286,0.902028807624631,57.65377893054997,2.1416108515634833,46.767324957698406,0.35848952786713284,0.10542295226324754,0.2940754026776495,held
NOx,11,xgboost,8,8,142,6,"19, 122, 154, 159, 263, 326, 357, 452","25.904, 49.634, 48.483, 63.257, 77.249, 78.252, 160.225, 221.600",433.0,195.69582557678223,0.4519534077985733,0.9642857142857143,0.8988267641490677,58.53903095108161,1.937080390300609,56.04794599049393,0.35622316762924944,0.11649746545627397,0.327035061283612,held
NOx,12,pls,8,8,159,6,"59, 131, 144, 175, 259, 331, 388, 456","-8.408, 28.560, 32.257, 36.778, 63.778, 98.261, 140.437, 120.053",397.0,128.4606199363287,0.32357838774893877,0.9642857142857143,0.9685654249376843,32.34092141891182,2.625236144217714,74.95305329863746,0.41487345943310067,0.17151291963250495,0.41341019950243846,held
NOx,12,random_forest,8,8,159,6,"59, 131, 144, 175, 259, 331, 388, 456","36.165, 51.880, 66.950, 66.690, 82.945, 107.090, 149.560, 106.705",397.0,70.53999999999999,0.17768261964735516,0.8928571428571429,0.8938058111224785,58.30311572749587,3.416236163740239,-42.37431422950294,0.37966354168545574,0.20289212430733308,0.5343998093855045,held
NOx,12,xgboost,8,8,159,6,"59, 131, 144, 175, 259, 331, 388, 456","37.471, 48.822, 62.097, 75.538, 78.331, 98.562, 166.983, 121.202",397.0,83.73104858398438,0.21090944227703873,0.9642857142857143,0.88766084722297,59.868892156599834,2.927484404031649,-9.256649111107976,0.3870422533581194,0.1918811175135847,0.4957627128530653,held
NOx,13,pls,8,8,174,6,"93, 107, 146, 167, 266, 294, 371, 408","40.031, 33.002, 68.466, 47.242, 101.307, 127.974, 138.480, 146.871",315.0,106.83925305789874,0.3391722319298373,0.9285714285714286,0.9716652669416156,26.670874863607814,2.51888339689121,10.03574852516877,0.35562241604763006,0.1328420069235367,0.3735479006074369,held
NOx,13,random_forest,8,8,174,6,"93, 107, 146, 167, 266, 294, 371, 408","49.170, 74.865, 71.415, 47.675, 107.880, 116.515, 139.665, 173.960",315.0,124.79,0.39615873015873015,0.8571428571428571,0.9465969632313843,36.381625892070446,2.543876718997958,-16.892072457707485,0.32199261808799395,0.11279140975628203,0.3502919117402203,held
NOx,13,xgboost,8,8,174,6,"93, 107, 146, 167, 266, 294, 371, 408","48.411, 59.935, 52.528, 61.968, 99.368, 122.666, 135.231, 173.060",315.0,124.64874267578125,0.39571029420882936,0.9642857142857143,0.9752975354117367,24.925708379640028,2.559904800158607,-9.504762902949466,0.3319397410356828,0.12649176884790692,0.38106846879268164,held
